UI-ТРЕЙС ДЕЙСТВИЙ · 2026-09-16T12:52:54.138Z · всего: 6256

# [1.1] words «Знакомство» · действий: 1
  рендер div (576 симв.)

# [1.2] build «Собери: Знакомство» · действий: 6
  рендер div (335 симв.)
  рендер button (5 симв.)
  рендер button (2 симв.)
  рендер button (4 симв.)
  рендер button (2 симв.)
  рендер button (4 симв.)

# [1.3] dialog:flow «Первое приветствие» · действий: 180
  рендер div#l-body (471 симв.)
  рендер div (76 симв.)
  рендер button (2 симв.)
  рендер div (101 симв.)
  рендер button (8 симв.)
  рендер button (52 симв.)
  рендер div#l-body (471 симв.)
  рендер div (76 симв.)
  рендер button (2 симв.)
  рендер div (101 симв.)
  рендер button (8 симв.)
  рендер button (52 симв.)
  рендер div (101 симв.)
  рендер button (8 симв.)
  рендер button (52 симв.)
  ввод textarea «Hi, my name is Anna. I have a meeting.»
  клик button «Ответить»
  рендер div (38 симв.)
  рендер div (173 симв.)
  рендер button (2 симв.)
  рендер button (6 симв.)
  рендер div#l-body (471 симв.)
  рендер div (76 симв.)
  рендер button (2 симв.)
  рендер div (101 симв.)
  рендер button (8 симв.)
  рендер button (52 симв.)
  рендер div (60 симв.)
  рендер button (8 симв.)
  рендер button (52 симв.)
  ввод textarea «My name is Anna.»
  клик button «Ответить»
  рендер div (16 симв.)
  рендер div (120 симв.)
  рендер button (2 симв.)
  рендер button (6 симв.)
  рендер div#l-body (471 симв.)
  рендер div (76 симв.)
  рендер button (2 симв.)
  рендер div (101 симв.)
  рендер button (8 симв.)
  рендер button (52 симв.)
  рендер div (60 симв.)
  рендер button (8 симв.)
  рендер button (52 симв.)
  ввод textarea «My name is Anna.»
  клик button «Ответить»
  рендер div (16 симв.)
  рендер div (173 симв.)
  рендер button (2 симв.)
  рендер button (6 симв.)
  рендер div#l-body (471 симв.)
  рендер div (76 симв.)
  рендер button (2 симв.)
  рендер div (101 симв.)
  рендер button (8 симв.)
  рендер button (52 симв.)
  рендер div (70 симв.)
  рендер button (8 симв.)
  рендер button (52 симв.)
  ввод textarea «Yes, I am here for the meeting.»
  клик button «Ответить»
  рендер div (31 симв.)
  рендер div (136 симв.)
  рендер button (2 симв.)
  рендер button (6 симв.)
  рендер div#l-body (471 симв.)
  рендер div (76 симв.)
  рендер button (2 симв.)
  рендер div (101 симв.)
  рендер button (8 симв.)
  рендер button (52 симв.)
  рендер div (83 симв.)
  рендер button (8 симв.)
  рендер button (52 симв.)
  ввод textarea «I am here for the meeting.»
  клик button «Ответить»
  рендер div (26 симв.)
  рендер div (120 симв.)
  рендер button (2 симв.)
  рендер button (6 симв.)
  рендер div#l-body (471 симв.)
  рендер div (76 симв.)
  рендер button (2 симв.)
  рендер div (101 симв.)
  рендер button (8 симв.)
  рендер button (52 симв.)
  рендер div (21 симв.)
  рендер button (8 симв.)
  рендер button (52 симв.)
  ввод textarea «Thank you. Goodbye!»
  клик button «Ответить»
  рендер div (19 симв.)
  рендер div (75 симв.)
  рендер button (2 симв.)
  рендер button (9 симв.)
  рендер div#l-body (471 симв.)
  рендер div (76 симв.)
  рендер button (2 симв.)
  рендер div (101 симв.)
  рендер button (8 симв.)
  рендер button (52 симв.)
  рендер div (21 симв.)
  рендер button (8 симв.)
  рендер button (52 симв.)
  ввод textarea «Bye. Have a nice day!»
  клик button «Ответить»
  рендер div (21 симв.)
  рендер div (70 симв.)
  рендер button (2 симв.)
  рендер button (9 симв.)
  рендер div#l-body (471 симв.)
  рендер div (76 симв.)
  рендер button (2 симв.)
  рендер div (101 симв.)
  рендер button (8 симв.)
  рендер button (52 симв.)
  рендер div (22 симв.)
  рендер button (8 симв.)
  рендер button (52 симв.)
  ввод textarea «Thank you very much.»
  клик button «Ответить»
  рендер div (20 симв.)
  рендер div (51 симв.)
  рендер button (2 симв.)
  рендер button (9 симв.)
  рендер div#l-body (471 симв.)
  рендер div (76 симв.)
  рендер button (2 симв.)
  рендер div (101 симв.)
  рендер button (8 симв.)
  рендер button (52 симв.)
  рендер div (70 симв.)
  рендер button (8 симв.)
  рендер button (52 симв.)
  ввод textarea «Room 204, second floor?»
  клик button «Ответить»
  рендер div (23 симв.)
  рендер div (81 симв.)
  рендер button (2 симв.)
  рендер button (6 симв.)
  рендер div#l-body (471 симв.)
  рендер div (76 симв.)
  рендер button (2 симв.)
  рендер div (101 симв.)
  рендер button (8 симв.)
  рендер button (52 симв.)
  рендер div (35 симв.)
  рендер button (8 симв.)
  рендер button (52 симв.)
  ввод textarea «Thanks a lot. Have a good day!»
  клик button «Ответить»
  рендер div (30 симв.)
  рендер div (90 симв.)
  рендер button (2 симв.)
  рендер button (9 симв.)
  рендер div#l-body (471 симв.)
  рендер div (76 симв.)
  рендер button (2 симв.)
  рендер div (101 симв.)
  рендер button (8 симв.)
  рендер button (52 симв.)
  ввод textarea «xyzzy qqq»
  клик button «Ответить»
  рендер div (9 симв.)
  рендер button (15 симв.)
  клик button «Исправить ответ»
  ввод textarea «xyzzy qqq»
  клик button «Ответить»
  рендер div (9 симв.)
  рендер div (111 симв.)
  рендер button (22 симв.)
  рендер div#l-body (471 симв.)
  рендер div (76 симв.)
  рендер button (2 симв.)
  рендер div (101 симв.)
  рендер button (8 симв.)
  рендер button (52 симв.)
  клик button «?Не знаю»
  рендер button (38 симв.)

# [1.4] words «Я и мои данные» · действий: 1
  рендер div (466 симв.)

# [1.5] build «Собери: Я и мои данные» · действий: 6
  рендер div (327 симв.)
  рендер button (3 симв.)
  рендер button (5 симв.)
  рендер button (11 симв.)
  рендер button (2 симв.)
  рендер button (1 симв.)

# [1.6] dialog:flow «Заполнить анкету» · действий: 180
  рендер div#l-body (455 симв.)
  рендер div (74 симв.)
  рендер button (2 симв.)
  рендер div (58 симв.)
  рендер button (8 симв.)
  рендер button (52 симв.)
  рендер div#l-body (455 симв.)
  рендер div (74 симв.)
  рендер button (2 симв.)
  рендер div (58 симв.)
  рендер button (8 симв.)
  рендер button (52 симв.)
  рендер div (58 симв.)
  рендер button (8 симв.)
  рендер button (52 симв.)
  ввод textarea «My name is Anna Petrova.»
  клик button «Ответить»
  рендер div (24 симв.)
  рендер div (85 симв.)
  рендер button (2 симв.)
  рендер button (6 симв.)
  рендер div#l-body (455 симв.)
  рендер div (74 симв.)
  рендер button (2 симв.)
  рендер div (58 симв.)
  рендер button (8 симв.)
  рендер button (52 симв.)
  рендер div (45 симв.)
  рендер button (8 симв.)
  рендер button (52 симв.)
  ввод textarea «Petrova.»
  клик button «Ответить»
  рендер div (8 симв.)
  рендер div (79 симв.)
  рендер button (2 симв.)
  рендер button (6 симв.)
  рендер div#l-body (455 симв.)
  рендер div (74 симв.)
  рендер button (2 симв.)
  рендер div (58 симв.)
  рендер button (8 симв.)
  рендер button (52 симв.)
  рендер div (69 симв.)
  рендер button (8 симв.)
  рендер button (52 симв.)
  ввод textarea «I live at 12 Park Street.»
  клик button «Ответить»
  рендер div (25 симв.)
  рендер div (76 симв.)
  рендер button (2 симв.)
  рендер button (6 симв.)
  рендер div#l-body (455 симв.)
  рендер div (74 симв.)
  рендер button (2 симв.)
  рендер div (58 симв.)
  рендер button (8 симв.)
  рендер button (52 симв.)
  рендер div (51 симв.)
  рендер button (8 симв.)
  рендер button (52 симв.)
  ввод textarea «Twelve.»
  клик button «Ответить»
  рендер div (7 симв.)
  рендер div (76 симв.)
  рендер button (2 симв.)
  рендер button (6 симв.)
  рендер div#l-body (455 симв.)
  рендер div (74 симв.)
  рендер button (2 симв.)
  рендер div (58 симв.)
  рендер button (8 симв.)
  рендер button (52 симв.)
  рендер div (46 симв.)
  рендер button (8 симв.)
  рендер button (52 симв.)
  ввод textarea «Park Street.»
  клик button «Ответить»
  рендер div (12 симв.)
  рендер div (76 симв.)
  рендер button (2 симв.)
  рендер button (6 симв.)
  рендер div#l-body (455 симв.)
  рендер div (74 симв.)
  рендер button (2 симв.)
  рендер div (58 симв.)
  рендер button (8 симв.)
  рендер button (52 симв.)
  рендер div (56 симв.)
  рендер button (8 симв.)
  рендер button (52 симв.)
  ввод textarea «I am twenty-five.»
  клик button «Ответить»
  рендер div (17 симв.)
  рендер div (89 симв.)
  рендер button (2 симв.)
  рендер button (6 симв.)
  рендер div#l-body (455 симв.)
  рендер div (74 симв.)
  рендер button (2 симв.)
  рендер div (58 симв.)
  рендер button (8 симв.)
  рендер button (52 симв.)
  рендер div (87 симв.)
  рендер button (8 симв.)
  рендер button (52 симв.)
  ввод textarea «Can I write it here?»
  клик button «Ответить»
  рендер div (20 симв.)
  рендер div (81 симв.)
  рендер button (2 симв.)
  рендер button (6 симв.)
  рендер div#l-body (455 симв.)
  рендер div (74 симв.)
  рендер button (2 симв.)
  рендер div (58 симв.)
  рендер button (8 симв.)
  рендер button (52 симв.)
  рендер div (71 симв.)
  рендер button (8 симв.)
  рендер button (52 симв.)
  ввод textarea «It is on the paper too.»
  клик button «Ответить»
  рендер div (23 симв.)
  рендер div (69 симв.)
  рендер button (2 симв.)
  рендер button (6 симв.)
  рендер div#l-body (455 симв.)
  рендер div (74 симв.)
  рендер button (2 симв.)
  рендер div (58 симв.)
  рендер button (8 симв.)
  рендер button (52 симв.)
  рендер div (37 симв.)
  рендер button (8 симв.)
  рендер button (52 симв.)
  ввод textarea «When will it be ready?»
  клик button «Ответить»
  рендер div (22 симв.)
  рендер div (108 симв.)
  рендер button (2 симв.)
  рендер button (6 симв.)
  рендер div#l-body (455 симв.)
  рендер div (74 симв.)
  рендер button (2 симв.)
  рендер div (58 симв.)
  рендер button (8 симв.)
  рендер button (52 симв.)
  рендер div (22 симв.)
  рендер button (8 симв.)
  рендер button (52 симв.)
  ввод textarea «Thank you very much.»
  клик button «Ответить»
  рендер div (20 симв.)
  рендер div (73 симв.)
  рендер button (2 симв.)
  рендер button (9 симв.)
  рендер div#l-body (455 симв.)
  рендер div (74 симв.)
  рендер button (2 симв.)
  рендер div (58 симв.)
  рендер button (8 симв.)
  рендер button (52 симв.)
  ввод textarea «xyzzy qqq»
  клик button «Ответить»
  рендер div (9 симв.)
  рендер button (15 симв.)
  клик button «Исправить ответ»
  ввод textarea «xyzzy qqq»
  клик button «Ответить»
  рендер div (9 симв.)
  рендер div (97 симв.)
  рендер button (22 симв.)
  рендер div#l-body (455 симв.)
  рендер div (74 симв.)
  рендер button (2 симв.)
  рендер div (58 симв.)
  рендер button (8 симв.)
  рендер button (52 симв.)
  клик button «?Не знаю»
  рендер button (24 симв.)

# [1.7] dialog:flow «Регистрация после приезда» · действий: 150
  рендер div#l-body (494 симв.)
  рендер div (99 симв.)
  рендер button (2 симв.)
  рендер div (49 симв.)
  рендер button (8 симв.)
  рендер button (52 симв.)
  рендер div#l-body (494 симв.)
  рендер div (99 симв.)
  рендер button (2 симв.)
  рендер div (49 симв.)
  рендер button (8 симв.)
  рендер button (52 симв.)
  рендер div (49 симв.)
  рендер button (8 симв.)
  рендер button (52 симв.)
  ввод textarea «Yes, I have an appointment for today.»
  клик button «Ответить»
  рендер div (37 симв.)
  рендер div (112 симв.)
  рендер button (2 симв.)
  рендер button (6 симв.)
  рендер div#l-body (494 симв.)
  рендер div (99 симв.)
  рендер button (2 симв.)
  рендер div (49 симв.)
  рендер button (8 симв.)
  рендер button (52 симв.)
  рендер div (62 симв.)
  рендер button (8 симв.)
  рендер button (52 симв.)
  ввод textarea «Ok, I will wait.»
  клик button «Ответить»
  рендер div (16 симв.)
  рендер div (147 симв.)
  рендер button (2 симв.)
  рендер button (6 симв.)
  рендер div#l-body (494 симв.)
  рендер div (99 симв.)
  рендер button (2 симв.)
  рендер div (49 симв.)
  рендер button (8 симв.)
  рендер button (52 симв.)
  рендер div (21 симв.)
  рендер button (8 симв.)
  рендер button (52 симв.)
  ввод textarea «Ok. See you tomorrow.»
  клик button «Ответить»
  рендер div (21 симв.)
  рендер div (44 симв.)
  рендер button (2 симв.)
  рендер button (9 симв.)
  рендер div#l-body (494 симв.)
  рендер div (99 симв.)
  рендер button (2 симв.)
  рендер div (49 симв.)
  рендер button (8 симв.)
  рендер button (52 симв.)
  рендер div (99 симв.)
  рендер button (8 симв.)
  рендер button (52 симв.)
  ввод textarea «Yes, here is my rental contract.»
  клик button «Ответить»
  рендер div (32 симв.)
  рендер div (125 симв.)
  рендер button (2 симв.)
  рендер button (6 симв.)
  рендер div#l-body (494 симв.)
  рендер div (99 симв.)
  рендер button (2 симв.)
  рендер div (49 симв.)
  рендер button (8 симв.)
  рендер button (52 симв.)
  рендер div (58 симв.)
  рендер button (8 симв.)
  рендер button (52 симв.)
  ввод textarea «By card, please.»
  клик button «Ответить»
  рендер div (16 симв.)
  рендер div (62 симв.)
  рендер button (2 симв.)
  рендер button (6 симв.)
  рендер div#l-body (494 симв.)
  рендер div (99 симв.)
  рендер button (2 симв.)
  рендер div (49 симв.)
  рендер button (8 симв.)
  рендер button (52 симв.)
  рендер div (76 симв.)
  рендер button (8 симв.)
  рендер button (52 симв.)
  ввод textarea «When will my card be ready?»
  клик button «Ответить»
  рендер div (27 симв.)
  рендер div (141 симв.)
  рендер button (2 симв.)
  рендер button (6 симв.)
  рендер div#l-body (494 симв.)
  рендер div (99 симв.)
  рендер button (2 симв.)
  рендер div (49 симв.)
  рендер button (8 симв.)
  рендер button (52 симв.)
  рендер div (62 симв.)
  рендер button (8 симв.)
  рендер button (52 симв.)
  ввод textarea «Will you send me a message?»
  клик button «Ответить»
  рендер div (27 симв.)
  рендер div (167 симв.)
  рендер button (2 симв.)
  рендер button (6 симв.)
  рендер div#l-body (494 симв.)
  рендер div (99 симв.)
  рендер button (2 симв.)
  рендер div (49 симв.)
  рендер button (8 симв.)
  рендер button (52 симв.)
  рендер div (29 симв.)
  рендер button (8 симв.)
  рендер button (52 симв.)
  ввод textarea «Thank you. Goodbye.»
  клик button «Ответить»
  рендер div (19 симв.)
  рендер div (95 симв.)
  рендер button (2 симв.)
  рендер button (9 симв.)
  рендер div#l-body (494 симв.)
  рендер div (99 симв.)
  рендер button (2 симв.)
  рендер div (49 симв.)
  рендер button (8 симв.)
  рендер button (52 симв.)
  ввод textarea «xyzzy qqq»
  клик button «Ответить»
  рендер div (9 симв.)
  рендер button (15 симв.)
  клик button «Исправить ответ»
  ввод textarea «xyzzy qqq»
  клик button «Ответить»
  рендер div (9 симв.)
  рендер div (110 симв.)
  рендер button (22 симв.)
  рендер div#l-body (494 симв.)
  рендер div (99 симв.)
  рендер button (2 симв.)
  рендер div (49 симв.)
  рендер button (8 симв.)
  рендер button (52 симв.)
  клик button «?Не знаю»
  рендер button (37 симв.)

# [1.8] words «Семья» · действий: 1
  рендер div (475 симв.)

# [1.9] build «Собери: Семья» · действий: 8
  рендер div (331 симв.)
  рендер button (1 симв.)
  рендер button (1 симв.)
  рендер button (4 симв.)
  рендер button (7 симв.)
  рендер button (1 симв.)
  рендер button (6 симв.)
  рендер button (3 симв.)

# [1.10] dialog:flow «Разговор о семье» · действий: 165
  рендер div#l-body (459 симв.)
  рендер div (70 симв.)
  рендер button (2 симв.)
  рендер div (65 симв.)
  рендер button (8 симв.)
  рендер button (52 симв.)
  рендер div#l-body (459 симв.)
  рендер div (70 симв.)
  рендер button (2 симв.)
  рендер div (65 симв.)
  рендер button (8 симв.)
  рендер button (52 симв.)
  рендер div (65 симв.)
  рендер button (8 симв.)
  рендер button (52 симв.)
  ввод textarea «I have a brother and a sister.»
  клик button «Ответить»
  рендер div (30 симв.)
  рендер div (87 симв.)
  рендер button (2 симв.)
  рендер button (6 симв.)
  рендер div#l-body (459 симв.)
  рендер div (70 симв.)
  рендер button (2 симв.)
  рендер div (65 симв.)
  рендер button (8 симв.)
  рендер button (52 симв.)
  рендер div (73 симв.)
  рендер button (8 симв.)
  рендер button (52 симв.)
  ввод textarea «My brother and sister.»
  клик button «Ответить»
  рендер div (22 симв.)
  рендер div (72 симв.)
  рендер button (2 симв.)
  рендер button (6 симв.)
  рендер div#l-body (459 симв.)
  рендер div (70 симв.)
  рендер button (2 симв.)
  рендер div (65 симв.)
  рендер button (8 симв.)
  рендер button (52 симв.)
  рендер div (81 симв.)
  рендер button (8 симв.)
  рендер button (52 симв.)
  ввод textarea «Yes, I have friends here.»
  клик button «Ответить»
  рендер div (25 симв.)
  рендер div (95 симв.)
  рендер button (2 симв.)
  рендер button (9 симв.)
  рендер div#l-body (459 симв.)
  рендер div (70 симв.)
  рендер button (2 симв.)
  рендер div (65 симв.)
  рендер button (8 симв.)
  рендер button (52 симв.)
  рендер div (64 симв.)
  рендер button (8 симв.)
  рендер button (52 симв.)
  ввод textarea «My parents live in Russia.»
  клик button «Ответить»
  рендер div (26 симв.)
  рендер div (57 симв.)
  рендер button (2 симв.)
  рендер button (6 симв.)
  рендер div#l-body (459 симв.)
  рендер div (70 симв.)
  рендер button (2 симв.)
  рендер div (65 симв.)
  рендер button (8 симв.)
  рендер button (52 симв.)
  рендер div (55 симв.)
  рендер button (8 симв.)
  рендер button (52 симв.)
  ввод textarea «Yes, very much.»
  клик button «Ответить»
  рендер div (15 симв.)
  рендер div (73 симв.)
  рендер button (2 симв.)
  рендер button (6 симв.)
  рендер div#l-body (459 симв.)
  рендер div (70 симв.)
  рендер button (2 симв.)
  рендер div (65 симв.)
  рендер button (8 симв.)
  рендер button (52 симв.)
  рендер div (70 симв.)
  рендер button (8 симв.)
  рендер button (52 симв.)
  ввод textarea «They came in the summer.»
  клик button «Ответить»
  рендер div (24 симв.)
  рендер div (94 симв.)
  рендер button (2 симв.)
  рендер button (6 симв.)
  рендер div#l-body (459 симв.)
  рендер div (70 симв.)
  рендер button (2 симв.)
  рендер div (65 симв.)
  рендер button (8 симв.)
  рендер button (52 симв.)
  рендер div (61 симв.)
  рендер button (8 симв.)
  рендер button (52 симв.)
  ввод textarea «Two weeks.»
  клик button «Ответить»
  рендер div (10 симв.)
  рендер div (54 симв.)
  рендер button (2 симв.)
  рендер button (6 симв.)
  рендер div#l-body (459 симв.)
  рендер div (70 симв.)
  рендер button (2 симв.)
  рендер div (65 симв.)
  рендер button (8 симв.)
  рендер button (52 симв.)
  рендер div (60 симв.)
  рендер button (8 симв.)
  рендер button (52 симв.)
  ввод textarea «Yes, every weekend.»
  клик button «Ответить»
  рендер div (19 симв.)
  рендер div (62 симв.)
  рендер button (2 симв.)
  рендер button (6 симв.)
  рендер div#l-body (459 симв.)
  рендер div (70 симв.)
  рендер button (2 симв.)
  рендер div (65 симв.)
  рендер button (8 симв.)
  рендер button (52 симв.)
  рендер div (58 симв.)
  рендер button (8 симв.)
  рендер button (52 симв.)
  ввод textarea «I will go and see them soon.»
  клик button «Ответить»
  рендер div (28 симв.)
  рендер div (104 симв.)
  рендер button (2 симв.)
  рендер button (9 симв.)
  рендер div#l-body (459 симв.)
  рендер div (70 симв.)
  рендер button (2 симв.)
  рендер div (65 симв.)
  рендер button (8 симв.)
  рендер button (52 симв.)
  ввод textarea «xyzzy qqq»
  клик button «Ответить»
  рендер div (9 симв.)
  рендер button (15 симв.)
  клик button «Исправить ответ»
  ввод textarea «xyzzy qqq»
  клик button «Ответить»
  рендер div (9 симв.)
  рендер div (103 симв.)
  рендер button (22 симв.)
  рендер div#l-body (459 симв.)
  рендер div (70 симв.)
  рендер button (2 симв.)
  рендер div (65 симв.)
  рендер button (8 симв.)
  рендер button (52 симв.)
  клик button «?Не знаю»
  рендер button (30 симв.)

# [1.11] words «Числа до ста · 1» · действий: 1
  рендер div (471 симв.)

# [1.12] words «Числа до ста · 2» · действий: 1
  рендер div (481 симв.)

# [1.13] build «Собери: Числа до ста» · действий: 5
  рендер div (326 симв.)
  рендер button (7 симв.)
  рендер button (1 симв.)
  рендер button (5 симв.)
  рендер button (4 симв.)

# [1.14] dialog:flow «Назвать количество» · действий: 135
  рендер div#l-body (446 симв.)
  рендер div (63 симв.)
  рендер button (2 симв.)
  рендер div (61 симв.)
  рендер button (8 симв.)
  рендер button (52 симв.)
  рендер div#l-body (446 симв.)
  рендер div (63 симв.)
  рендер button (2 симв.)
  рендер div (61 симв.)
  рендер button (8 симв.)
  рендер button (52 симв.)
  рендер div (61 симв.)
  рендер button (8 симв.)
  рендер button (52 симв.)
  ввод textarea «Five, please.»
  клик button «Ответить»
  рендер div (13 симв.)
  рендер div (84 симв.)
  рендер button (2 симв.)
  рендер button (6 симв.)
  рендер div#l-body (446 симв.)
  рендер div (63 симв.)
  рендер button (2 симв.)
  рендер div (61 симв.)
  рендер button (8 симв.)
  рендер button (52 симв.)
  рендер div (63 симв.)
  рендер button (8 симв.)
  рендер button (52 симв.)
  ввод textarea «Twelve? Not twenty?»
  клик button «Ответить»
  рендер div (19 симв.)
  рендер div (76 симв.)
  рендер button (2 симв.)
  рендер button (6 симв.)
  рендер div#l-body (446 симв.)
  рендер div (63 симв.)
  рендер button (2 симв.)
  рендер div (61 симв.)
  рендер button (8 симв.)
  рендер button (52 симв.)
  рендер div (34 симв.)
  рендер button (8 симв.)
  рендер button (52 симв.)
  ввод textarea «Right, here you are. Thank you.»
  клик button «Ответить»
  рендер div (31 симв.)
  рендер div (79 симв.)
  рендер button (2 симв.)
  рендер button (6 симв.)
  рендер div#l-body (446 симв.)
  рендер div (63 симв.)
  рендер button (2 симв.)
  рендер div (61 симв.)
  рендер button (8 симв.)
  рендер button (52 симв.)
  рендер div (62 симв.)
  рендер button (8 симв.)
  рендер button (52 симв.)
  ввод textarea «Two loaves of bread, please.»
  клик button «Ответить»
  рендер div (28 симв.)
  рендер div (94 симв.)
  рендер button (2 симв.)
  рендер button (6 симв.)
  рендер div#l-body (446 симв.)
  рендер div (63 симв.)
  рендер button (2 симв.)
  рендер div (61 симв.)
  рендер button (8 симв.)
  рендер button (52 симв.)
  рендер div (58 симв.)
  рендер button (8 симв.)
  рендер button (52 симв.)
  ввод textarea «I will pay in cash.»
  клик button «Ответить»
  рендер div (19 симв.)
  рендер div (59 симв.)
  рендер button (2 симв.)
  рендер button (6 симв.)
  рендер div#l-body (446 симв.)
  рендер div (63 симв.)
  рендер button (2 симв.)
  рендер div (61 симв.)
  рендер button (8 симв.)
  рендер button (52 симв.)
  рендер div (69 симв.)
  рендер button (8 симв.)
  рендер button (52 симв.)
  ввод textarea «Thank you. That is right.»
  клик button «Ответить»
  рендер div (25 симв.)
  рендер div (82 симв.)
  рендер button (2 симв.)
  рендер button (9 симв.)
  рендер div#l-body (446 симв.)
  рендер div (63 симв.)
  рендер button (2 симв.)
  рендер div (61 симв.)
  рендер button (8 симв.)
  рендер button (52 симв.)
  рендер div (21 симв.)
  рендер button (8 симв.)
  рендер button (52 симв.)
  ввод textarea «Thank you. Goodbye!»
  клик button «Ответить»
  рендер div (19 симв.)
  рендер div (44 симв.)
  рендер button (2 симв.)
  рендер button (9 симв.)
  рендер div#l-body (446 симв.)
  рендер div (63 симв.)
  рендер button (2 симв.)
  рендер div (61 симв.)
  рендер button (8 симв.)
  рендер button (52 симв.)
  ввод textarea «xyzzy qqq»
  клик button «Ответить»
  рендер div (9 симв.)
  рендер button (15 симв.)
  клик button «Исправить ответ»
  ввод textarea «xyzzy qqq»
  клик button «Ответить»
  рендер div (9 симв.)
  рендер div (86 симв.)
  рендер button (22 симв.)
  рендер div#l-body (446 симв.)
  рендер div (63 симв.)
  рендер button (2 симв.)
  рендер div (61 симв.)
  рендер button (8 симв.)
  рендер button (52 симв.)
  клик button «?Не знаю»
  рендер button (13 симв.)

# [1.15] dialog:flow «СИМ-карта и контракт» · действий: 135
  рендер div#l-body (485 симв.)
  рендер div (76 симв.)
  рендер button (2 симв.)
  рендер div (74 симв.)
  рендер button (8 симв.)
  рендер button (52 симв.)
  рендер div#l-body (485 симв.)
  рендер div (76 симв.)
  рендер button (2 симв.)
  рендер div (74 симв.)
  рендер button (8 симв.)
  рендер button (52 симв.)
  рендер div (74 симв.)
  рендер button (8 симв.)
  рендер button (52 симв.)
  ввод textarea «I need a SIM card, please.»
  клик button «Ответить»
  рендер div (26 симв.)
  рендер div (99 симв.)
  рендер button (2 симв.)
  рендер button (6 симв.)
  рендер div#l-body (485 симв.)
  рендер div (76 симв.)
  рендер button (2 симв.)
  рендер div (74 симв.)
  рендер button (8 симв.)
  рендер button (52 симв.)
  рендер div (51 симв.)
  рендер button (8 симв.)
  рендер button (52 симв.)
  ввод textarea «Prepaid, please.»
  клик button «Ответить»
  рендер div (16 симв.)
  рендер div (122 симв.)
  рендер button (2 симв.)
  рендер button (6 симв.)
  рендер div#l-body (485 симв.)
  рендер div (76 симв.)
  рендер button (2 симв.)
  рендер div (74 симв.)
  рендер button (8 симв.)
  рендер button (52 симв.)
  рендер div (41 симв.)
  рендер button (8 симв.)
  рендер button (52 симв.)
  ввод textarea «Yes, here it is.»
  клик button «Ответить»
  рендер div (16 симв.)
  рендер div (147 симв.)
  рендер button (2 симв.)
  рендер button (6 симв.)
  рендер div#l-body (485 симв.)
  рендер div (76 симв.)
  рендер button (2 симв.)
  рендер div (74 симв.)
  рендер button (8 симв.)
  рендер button (52 симв.)
  рендер div (80 симв.)
  рендер button (8 симв.)
  рендер button (52 симв.)
  ввод textarea «Yes, I know my postcode.»
  клик button «Ответить»
  рендер div (24 симв.)
  рендер div (153 симв.)
  рендер button (2 симв.)
  рендер button (6 симв.)
  рендер div#l-body (485 симв.)
  рендер div (76 симв.)
  рендер button (2 симв.)
  рендер div (74 симв.)
  рендер button (8 симв.)
  рендер button (52 симв.)
  рендер div (25 симв.)
  рендер button (8 симв.)
  рендер button (52 симв.)
  ввод textarea «Here you are.»
  клик button «Ответить»
  рендер div (13 симв.)
  рендер div (147 симв.)
  рендер button (2 симв.)
  рендер button (6 симв.)
  рендер div#l-body (485 симв.)
  рендер div (76 симв.)
  рендер button (2 симв.)
  рендер div (74 симв.)
  рендер button (8 симв.)
  рендер button (52 симв.)
  рендер div (68 симв.)
  рендер button (8 симв.)
  рендер button (52 симв.)
  ввод textarea «How do I activate it?»
  клик button «Ответить»
  рендер div (21 симв.)
  рендер div (152 симв.)
  рендер button (2 симв.)
  рендер button (6 симв.)
  рендер div#l-body (485 симв.)
  рендер div (76 симв.)
  рендер button (2 симв.)
  рендер div (74 симв.)
  рендер button (8 симв.)
  рендер button (52 симв.)
  рендер div (21 симв.)
  рендер button (8 симв.)
  рендер button (52 симв.)
  ввод textarea «Thank you. Bye.»
  клик button «Ответить»
  рендер div (15 симв.)
  рендер div (100 симв.)
  рендер button (2 симв.)
  рендер button (9 симв.)
  рендер div#l-body (485 симв.)
  рендер div (76 симв.)
  рендер button (2 симв.)
  рендер div (74 симв.)
  рендер button (8 симв.)
  рендер button (52 симв.)
  ввод textarea «xyzzy qqq»
  клик button «Ответить»
  рендер div (9 симв.)
  рендер button (15 симв.)
  клик button «Исправить ответ»
  ввод textarea «xyzzy qqq»
  клик button «Ответить»
  рендер div (9 симв.)
  рендер div (99 симв.)
  рендер button (22 симв.)
  рендер div#l-body (485 симв.)
  рендер div (76 симв.)
  рендер button (2 симв.)
  рендер div (74 симв.)
  рендер button (8 симв.)
  рендер button (52 симв.)
  клик button «?Не знаю»
  рендер button (26 симв.)

# [1.16] words «Контроль: темы 1–4» · действий: 1
  рендер div (599 симв.)

# [1.17] build «Повтори фразы: темы 1–4» · действий: 6
  рендер div (335 симв.)
  рендер button (4 симв.)
  рендер button (2 симв.)
  рендер button (5 симв.)
  рендер button (2 симв.)
  рендер button (4 симв.)

# [1.18] words «Цвета и размеры · 1» · действий: 1
  рендер div (474 симв.)

# [1.19] words «Цвета и размеры · 2» · действий: 1
  рендер div (480 симв.)

# [1.20] build «Собери: Цвета и размеры» · действий: 7
  рендер div (329 симв.)
  рендер button (2 симв.)
  рендер button (4 симв.)
  рендер button (3 симв.)
  рендер button (2 симв.)
  рендер button (5 симв.)
  рендер button (4 симв.)

# [1.21] dialog:flow «Выбрать цвет» · действий: 135
  рендер div#l-body (448 симв.)
  рендер div (77 симв.)
  рендер button (2 симв.)
  рендер div (56 симв.)
  рендер button (8 симв.)
  рендер button (52 симв.)
  рендер div#l-body (448 симв.)
  рендер div (77 симв.)
  рендер button (2 симв.)
  рендер div (56 симв.)
  рендер button (8 симв.)
  рендер button (52 симв.)
  рендер div (56 симв.)
  рендер button (8 симв.)
  рендер button (52 симв.)
  ввод textarea «I prefer the black one.»
  клик button «Ответить»
  рендер div (23 симв.)
  рендер div (113 симв.)
  рендер button (2 симв.)
  рендер button (6 симв.)
  рендер div#l-body (448 симв.)
  рендер div (77 симв.)
  рендер button (2 симв.)
  рендер div (56 симв.)
  рендер button (8 симв.)
  рендер button (52 симв.)
  рендер div (58 симв.)
  рендер button (8 симв.)
  рендер button (52 симв.)
  ввод textarea «A small one, please.»
  клик button «Ответить»
  рендер div (20 симв.)
  рендер div (72 симв.)
  рендер button (2 симв.)
  рендер button (6 симв.)
  рендер div#l-body (448 симв.)
  рендер div (77 симв.)
  рендер button (2 симв.)
  рендер div (56 симв.)
  рендер button (8 симв.)
  рендер button (52 симв.)
  рендер div (22 симв.)
  рендер button (8 симв.)
  рендер button (52 симв.)
  ввод textarea «Thank you very much.»
  клик button «Ответить»
  рендер div (20 симв.)
  рендер div (82 симв.)
  рендер button (2 симв.)
  рендер button (6 симв.)
  рендер div#l-body (448 симв.)
  рендер div (77 симв.)
  рендер button (2 симв.)
  рендер div (56 симв.)
  рендер button (8 симв.)
  рендер button (52 симв.)
  рендер div (72 симв.)
  рендер button (8 симв.)
  рендер button (52 симв.)
  ввод textarea «No, that is all, thank you.»
  клик button «Ответить»
  рендер div (27 симв.)
  рендер div (78 симв.)
  рендер button (2 симв.)
  рендер button (6 симв.)
  рендер div#l-body (448 симв.)
  рендер div (77 симв.)
  рендер button (2 симв.)
  рендер div (56 симв.)
  рендер button (8 симв.)
  рендер button (52 симв.)
  рендер div (62 симв.)
  рендер button (8 симв.)
  рендер button (52 симв.)
  ввод textarea «By card, please.»
  клик button «Ответить»
  рендер div (16 симв.)
  рендер div (73 симв.)
  рендер button (2 симв.)
  рендер button (6 симв.)
  рендер div#l-body (448 симв.)
  рендер div (77 симв.)
  рендер button (2 симв.)
  рендер div (56 симв.)
  рендер button (8 симв.)
  рендер button (52 симв.)
  рендер div (26 симв.)
  рендер button (8 симв.)
  рендер button (52 симв.)
  ввод textarea «Thanks, you too!»
  клик button «Ответить»
  рендер div (16 симв.)
  рендер div (44 симв.)
  рендер button (2 симв.)
  рендер button (9 симв.)
  рендер div#l-body (448 симв.)
  рендер div (77 симв.)
  рендер button (2 симв.)
  рендер div (56 симв.)
  рендер button (8 симв.)
  рендер button (52 симв.)
  рендер div (21 симв.)
  рендер button (8 симв.)
  рендер button (52 симв.)
  ввод textarea «Thank you. Goodbye!»
  клик button «Ответить»
  рендер div (19 симв.)
  рендер div (75 симв.)
  рендер button (2 симв.)
  рендер button (9 симв.)
  рендер div#l-body (448 симв.)
  рендер div (77 симв.)
  рендер button (2 симв.)
  рендер div (56 симв.)
  рендер button (8 симв.)
  рендер button (52 симв.)
  ввод textarea «xyzzy qqq»
  клик button «Ответить»
  рендер div (9 симв.)
  рендер button (15 симв.)
  клик button «Исправить ответ»
  ввод textarea «xyzzy qqq»
  клик button «Ответить»
  рендер div (9 симв.)
  рендер div (96 симв.)
  рендер button (22 симв.)
  рендер div#l-body (448 симв.)
  рендер div (77 симв.)
  рендер button (2 симв.)
  рендер div (56 симв.)
  рендер button (8 симв.)
  рендер button (52 симв.)
  клик button «?Не знаю»
  рендер button (23 симв.)

# [1.22] words «Дни и месяцы · 1» · действий: 1
  рендер div (471 симв.)

# [1.23] words «Дни и месяцы · 2» · действий: 1
  рендер div (473 симв.)

# [1.24] build «Собери: Дни и месяцы» · действий: 5
  рендер div (328 симв.)
  рендер button (6 симв.)
  рендер button (3 симв.)
  рендер button (2 симв.)
  рендер button (3 симв.)

# [1.25] dialog:flow «Назначить день» · действий: 135
  рендер div#l-body (450 симв.)
  рендер div (79 симв.)
  рендер button (2 симв.)
  рендер div (63 симв.)
  рендер button (8 симв.)
  рендер button (52 симв.)
  рендер div#l-body (450 симв.)
  рендер div (79 симв.)
  рендер button (2 симв.)
  рендер div (63 симв.)
  рендер button (8 симв.)
  рендер button (52 симв.)
  рендер div (63 симв.)
  рендер button (8 симв.)
  рендер button (52 симв.)
  ввод textarea «Sure. Which day?»
  клик button «Ответить»
  рендер div (16 симв.)
  рендер div (61 симв.)
  рендер button (2 симв.)
  рендер button (6 симв.)
  рендер div#l-body (450 симв.)
  рендер div (79 симв.)
  рендер button (2 симв.)
  рендер div (63 симв.)
  рендер button (8 симв.)
  рендер button (52 симв.)
  рендер div (50 симв.)
  рендер button (8 симв.)
  рендер button (52 симв.)
  ввод textarea «Thursday, please.»
  клик button «Ответить»
  рендер div (17 симв.)
  рендер div (80 симв.)
  рендер button (2 симв.)
  рендер button (6 симв.)
  рендер div#l-body (450 симв.)
  рендер div (79 симв.)
  рендер button (2 симв.)
  рендер div (63 симв.)
  рендер button (8 симв.)
  рендер button (52 симв.)
  рендер div (98 симв.)
  рендер button (8 симв.)
  рендер button (52 симв.)
  ввод textarea «Wednesday is busy for me. Can we do Thur»
  клик button «Ответить»
  рендер div (45 симв.)
  рендер div (58 симв.)
  рендер button (2 симв.)
  рендер button (6 симв.)
  рендер div#l-body (450 симв.)
  рендер div (79 симв.)
  рендер button (2 симв.)
  рендер div (63 симв.)
  рендер button (8 симв.)
  рендер button (52 симв.)
  рендер div (70 симв.)
  рендер button (8 симв.)
  рендер button (52 симв.)
  ввод textarea «Great, see you on Thursday.»
  клик button «Ответить»
  рендер div (27 симв.)
  рендер div (78 симв.)
  рендер button (2 симв.)
  рендер button (6 симв.)
  рендер div#l-body (450 симв.)
  рендер div (79 симв.)
  рендер button (2 симв.)
  рендер div (63 симв.)
  рендер button (8 симв.)
  рендер button (52 симв.)
  рендер div (63 симв.)
  рендер button (8 симв.)
  рендер button (52 симв.)
  ввод textarea «When will I know?»
  клик button «Ответить»
  рендер div (17 симв.)
  рендер div (82 симв.)
  рендер button (2 симв.)
  рендер button (6 симв.)
  рендер div#l-body (450 симв.)
  рендер div (79 симв.)
  рендер button (2 симв.)
  рендер div (63 симв.)
  рендер button (8 симв.)
  рендер button (52 симв.)
  рендер div (75 симв.)
  рендер button (8 симв.)
  рендер button (52 симв.)
  ввод textarea «Thank you, I will wait for your call.»
  клик button «Ответить»
  рендер div (37 симв.)
  рендер div (65 симв.)
  рендер button (2 симв.)
  рендер button (6 симв.)
  рендер div#l-body (450 симв.)
  рендер div (79 симв.)
  рендер button (2 симв.)
  рендер div (63 симв.)
  рендер button (8 симв.)
  рендер button (52 симв.)
  рендер div (29 симв.)
  рендер button (8 симв.)
  рендер button (52 симв.)
  ввод textarea «Thank you. Have a good day.»
  клик button «Ответить»
  рендер div (27 симв.)
  рендер div (44 симв.)
  рендер button (2 симв.)
  рендер button (9 симв.)
  рендер div#l-body (450 симв.)
  рендер div (79 симв.)
  рендер button (2 симв.)
  рендер div (63 симв.)
  рендер button (8 симв.)
  рендер button (52 симв.)
  ввод textarea «xyzzy qqq»
  клик button «Ответить»
  рендер div (9 симв.)
  рендер button (15 симв.)
  клик button «Исправить ответ»
  ввод textarea «xyzzy qqq»
  клик button «Ответить»
  рендер div (9 симв.)
  рендер div (89 симв.)
  рендер button (22 симв.)
  рендер div#l-body (450 симв.)
  рендер div (79 симв.)
  рендер button (2 симв.)
  рендер div (63 симв.)
  рендер button (8 симв.)
  рендер button (52 симв.)
  клик button «?Не знаю»
  рендер button (16 симв.)

# [1.26] words «Время суток · 1» · действий: 1
  рендер div (473 симв.)

# [1.27] words «Время суток · 2» · действий: 1
  рендер div (473 симв.)

# [1.28] build «Собери: Время суток» · действий: 6
  рендер div (328 симв.)
  рендер button (2 симв.)
  рендер button (4 симв.)
  рендер button (3 симв.)
  рендер button (4 симв.)
  рендер button (2 симв.)

# [1.29] dialog:flow «Узнать время» · действий: 120
  рендер div#l-body (481 симв.)
  рендер div (66 симв.)
  рендер button (2 симв.)
  рендер div (69 симв.)
  рендер button (8 симв.)
  рендер button (52 симв.)
  рендер div#l-body (481 симв.)
  рендер div (66 симв.)
  рендер button (2 симв.)
  рендер div (69 симв.)
  рендер button (8 симв.)
  рендер button (52 симв.)
  рендер div (69 симв.)
  рендер button (8 симв.)
  рендер button (52 симв.)
  ввод textarea «Excuse me, what time is it?»
  клик button «Ответить»
  рендер div (27 симв.)
  рендер div (64 симв.)
  рендер button (2 симв.)
  рендер button (6 симв.)
  рендер div#l-body (481 симв.)
  рендер div (66 симв.)
  рендер button (2 симв.)
  рендер div (69 симв.)
  рендер button (8 симв.)
  рендер button (52 симв.)
  рендер div (67 симв.)
  рендер button (8 симв.)
  рендер button (52 симв.)
  ввод textarea «Oh, I am late for work.»
  клик button «Ответить»
  рендер div (23 симв.)
  рендер div (83 симв.)
  рендер button (2 симв.)
  рендер button (6 симв.)
  рендер div#l-body (481 симв.)
  рендер div (66 симв.)
  рендер button (2 симв.)
  рендер div (69 симв.)
  рендер button (8 симв.)
  рендер button (52 симв.)
  рендер div (22 симв.)
  рендер button (8 симв.)
  рендер button (52 симв.)
  ввод textarea «Thank you very much.»
  клик button «Ответить»
  рендер div (20 симв.)
  рендер div (106 симв.)
  рендер button (2 симв.)
  рендер button (6 симв.)
  рендер div#l-body (481 симв.)
  рендер div (66 симв.)
  рендер button (2 симв.)
  рендер div (69 симв.)
  рендер button (8 симв.)
  рендер button (52 симв.)
  рендер div (62 симв.)
  рендер button (8 симв.)
  рендер button (52 симв.)
  ввод textarea «Yes, everything else is fine.»
  клик button «Ответить»
  рендер div (29 симв.)
  рендер div (100 симв.)
  рендер button (2 симв.)
  рендер button (6 симв.)
  рендер div#l-body (481 симв.)
  рендер div (66 симв.)
  рендер button (2 симв.)
  рендер div (69 симв.)
  рендер button (8 симв.)
  рендер button (52 симв.)
  рендер div (22 симв.)
  рендер button (8 симв.)
  рендер button (52 симв.)
  ввод textarea «Thank you, I will.»
  клик button «Ответить»
  рендер div (18 симв.)
  рендер div (60 симв.)
  рендер button (2 симв.)
  рендер button (6 симв.)
  рендер div#l-body (481 симв.)
  рендер div (66 симв.)
  рендер button (2 симв.)
  рендер div (69 симв.)
  рендер button (8 симв.)
  рендер button (52 симв.)
  рендер div (26 симв.)
  рендер button (8 симв.)
  рендер button (52 симв.)
  ввод textarea «You too, good night!»
  клик button «Ответить»
  рендер div (20 симв.)
  рендер div (70 симв.)
  рендер button (2 симв.)
  рендер button (9 симв.)
  рендер div#l-body (481 симв.)
  рендер div (66 симв.)
  рендер button (2 симв.)
  рендер div (69 симв.)
  рендер button (8 симв.)
  рендер button (52 симв.)
  ввод textarea «xyzzy qqq»
  клик button «Ответить»
  рендер div (9 симв.)
  рендер button (15 симв.)
  клик button «Исправить ответ»
  ввод textarea «xyzzy qqq»
  клик button «Ответить»
  рендер div (9 симв.)
  рендер div (100 симв.)
  рендер button (22 симв.)
  рендер div#l-body (481 симв.)
  рендер div (66 симв.)
  рендер button (2 симв.)
  рендер div (69 симв.)
  рендер button (8 симв.)
  рендер button (52 симв.)
  клик button «?Не знаю»
  рендер button (27 симв.)

# [1.30] words «Погода · 1» · действий: 1
  рендер div (477 симв.)

# [1.31] words «Погода · 2» · действий: 1
  рендер div (475 симв.)

# [1.32] build «Собери: Погода» · действий: 6
  рендер div (327 симв.)
  рендер button (2 симв.)
  рендер button (2 симв.)
  рендер button (4 симв.)
  рендер button (5 симв.)
  рендер button (4 симв.)

# [1.33] dialog:flow «Разговор о погоде» · действий: 120
  рендер div#l-body (448 симв.)
  рендер div (69 симв.)
  рендер button (2 симв.)
  рендер div (68 симв.)
  рендер button (8 симв.)
  рендер button (52 симв.)
  рендер div#l-body (448 симв.)
  рендер div (69 симв.)
  рендер button (2 симв.)
  рендер div (68 симв.)
  рендер button (8 симв.)
  рендер button (52 симв.)
  рендер div (68 симв.)
  рендер button (8 симв.)
  рендер button (52 симв.)
  ввод textarea «Yes, very cold. And windy.»
  клик button «Ответить»
  рендер div (26 симв.)
  рендер div (108 симв.)
  рендер button (2 симв.)
  рендер button (6 симв.)
  рендер div#l-body (448 симв.)
  рендер div (69 симв.)
  рендер button (2 симв.)
  рендер div (68 симв.)
  рендер button (8 симв.)
  рендер button (52 симв.)
  рендер div (72 симв.)
  рендер button (8 симв.)
  рендер button (52 симв.)
  ввод textarea «Really? I don’t like snow.»
  клик button «Ответить»
  рендер div (26 симв.)
  рендер div (55 симв.)
  рендер button (2 симв.)
  рендер button (6 симв.)
  рендер div#l-body (448 симв.)
  рендер div (69 симв.)
  рендер button (2 симв.)
  рендер div (68 симв.)
  рендер button (8 симв.)
  рендер button (52 симв.)
  рендер div (66 симв.)
  рендер button (8 симв.)
  рендер button (52 симв.)
  ввод textarea «True. Have a good day!»
  клик button «Ответить»
  рендер div (22 симв.)
  рендер div (111 симв.)
  рендер button (2 симв.)
  рендер button (6 симв.)
  рендер div#l-body (448 симв.)
  рендер div (69 симв.)
  рендер button (2 симв.)
  рендер div (68 симв.)
  рендер button (8 симв.)
  рендер button (52 симв.)
  рендер div (37 симв.)
  рендер button (8 симв.)
  рендер button (52 симв.)
  ввод textarea «Is there a cafe near here?»
  клик button «Ответить»
  рендер div (26 симв.)
  рендер div (71 симв.)
  рендер button (2 симв.)
  рендер button (6 симв.)
  рендер div#l-body (448 симв.)
  рендер div (69 симв.)
  рендер button (2 симв.)
  рендер div (68 симв.)
  рендер button (8 симв.)
  рендер button (52 симв.)
  рендер div (56 симв.)
  рендер button (8 симв.)
  рендер button (52 симв.)
  ввод textarea «Left or right?»
  клик button «Ответить»
  рендер div (14 симв.)
  рендер div (80 симв.)
  рендер button (2 симв.)
  рендер button (6 симв.)
  рендер div#l-body (448 симв.)
  рендер div (69 симв.)
  рендер button (2 симв.)
  рендер div (68 симв.)
  рендер button (8 симв.)
  рендер button (52 симв.)
  рендер div (22 симв.)
  рендер button (8 симв.)
  рендер button (52 симв.)
  ввод textarea «Thank you, that is very helpful.»
  клик button «Ответить»
  рендер div (32 симв.)
  рендер div (82 симв.)
  рендер button (2 симв.)
  рендер button (9 симв.)
  рендер div#l-body (448 симв.)
  рендер div (69 симв.)
  рендер button (2 симв.)
  рендер div (68 симв.)
  рендер button (8 симв.)
  рендер button (52 симв.)
  ввод textarea «xyzzy qqq»
  клик button «Ответить»
  рендер div (9 симв.)
  рендер button (15 симв.)
  клик button «Исправить ответ»
  ввод textarea «xyzzy qqq»
  клик button «Ответить»
  рендер div (9 симв.)
  рендер div (99 симв.)
  рендер button (22 симв.)
  рендер div#l-body (448 симв.)
  рендер div (69 симв.)
  рендер button (2 симв.)
  рендер div (68 симв.)
  рендер button (8 симв.)
  рендер button (52 симв.)
  клик button «?Не знаю»
  рендер button (26 симв.)

# [1.34] words «Контроль: темы 5–8» · действий: 1
  рендер div (473 симв.)

# [1.35] build «Повтори фразы: темы 5–8» · действий: 7
  рендер div (329 симв.)
  рендер button (5 симв.)
  рендер button (2 симв.)
  рендер button (3 симв.)
  рендер button (2 симв.)
  рендер button (4 симв.)
  рендер button (4 симв.)

# [1.36] words «Тело и здоровье · 1» · действий: 1
  рендер div (472 симв.)

# [1.37] words «Тело и здоровье · 2» · действий: 1
  рендер div (471 симв.)

# [1.38] build «Собери: Тело и здоровье» · действий: 4
  рендер div (325 симв.)
  рендер button (2 симв.)
  рендер button (4 симв.)
  рендер button (5 симв.)

# [1.39] dialog:flow «У врача» · действий: 135
  рендер div#l-body (442 симв.)
  рендер div (58 симв.)
  рендер button (2 симв.)
  рендер div (62 симв.)
  рендер button (8 симв.)
  рендер button (52 симв.)
  рендер div#l-body (442 симв.)
  рендер div (58 симв.)
  рендер button (2 симв.)
  рендер div (62 симв.)
  рендер button (8 симв.)
  рендер button (52 симв.)
  рендер div (62 симв.)
  рендер button (8 симв.)
  рендер button (52 симв.)
  ввод textarea «My head hurts.»
  клик button «Ответить»
  рендер div (14 симв.)
  рендер div (68 симв.)
  рендер button (2 симв.)
  рендер button (6 симв.)
  рендер div#l-body (442 симв.)
  рендер div (58 симв.)
  рендер button (2 симв.)
  рендер div (62 симв.)
  рендер button (8 симв.)
  рендер button (52 симв.)
  рендер div (65 симв.)
  рендер button (8 симв.)
  рендер button (52 симв.)
  ввод textarea «Since yesterday.»
  клик button «Ответить»
  рендер div (16 симв.)
  рендер div (112 симв.)
  рендер button (2 симв.)
  рендер button (6 симв.)
  рендер div#l-body (442 симв.)
  рендер div (58 симв.)
  рендер button (2 симв.)
  рендер div (62 симв.)
  рендер button (8 симв.)
  рендер button (52 симв.)
  рендер div (28 симв.)
  рендер button (8 симв.)
  рендер button (52 симв.)
  ввод textarea «Thank you, doctor.»
  клик button «Ответить»
  рендер div (18 симв.)
  рендер div (69 симв.)
  рендер button (2 симв.)
  рендер button (6 симв.)
  рендер div#l-body (442 симв.)
  рендер div (58 симв.)
  рендер button (2 симв.)
  рендер div (62 симв.)
  рендер button (8 симв.)
  рендер button (52 симв.)
  рендер div (73 симв.)
  рендер button (8 симв.)
  рендер button (52 симв.)
  ввод textarea «When should I come again?»
  клик button «Ответить»
  рендер div (25 симв.)
  рендер div (98 симв.)
  рендер button (2 симв.)
  рендер button (6 симв.)
  рендер div#l-body (442 симв.)
  рендер div (58 симв.)
  рендер button (2 симв.)
  рендер div (62 симв.)
  рендер button (8 симв.)
  рендер button (52 симв.)
  рендер div (73 симв.)
  рендер button (8 симв.)
  рендер button (52 симв.)
  ввод textarea «When should I come again?»
  клик button «Ответить»
  рендер div (25 симв.)
  рендер div (98 симв.)
  рендер button (2 симв.)
  рендер button (6 симв.)
  рендер div#l-body (442 симв.)
  рендер div (58 симв.)
  рендер button (2 симв.)
  рендер div (62 симв.)
  рендер button (8 симв.)
  рендер button (52 симв.)
  рендер div (60 симв.)
  рендер button (8 симв.)
  рендер button (52 симв.)
  ввод textarea «One week. I understand.»
  клик button «Ответить»
  рендер div (23 симв.)
  рендер div (60 симв.)
  рендер button (2 симв.)
  рендер button (6 симв.)
  рендер div#l-body (442 симв.)
  рендер div (58 симв.)
  рендер button (2 симв.)
  рендер div (62 симв.)
  рендер button (8 симв.)
  рендер button (52 симв.)
  рендер div (35 симв.)
  рендер button (8 симв.)
  рендер button (52 симв.)
  ввод textarea «Thank you, doctor. Goodbye.»
  клик button «Ответить»
  рендер div (27 симв.)
  рендер div (76 симв.)
  рендер button (2 симв.)
  рендер button (9 симв.)
  рендер div#l-body (442 симв.)
  рендер div (58 симв.)
  рендер button (2 симв.)
  рендер div (62 симв.)
  рендер button (8 симв.)
  рендер button (52 симв.)
  ввод textarea «xyzzy qqq»
  клик button «Ответить»
  рендер div (9 симв.)
  рендер button (15 симв.)
  клик button «Исправить ответ»
  ввод textarea «xyzzy qqq»
  клик button «Ответить»
  рендер div (9 симв.)
  рендер div (87 симв.)
  рендер button (22 симв.)
  рендер div#l-body (442 симв.)
  рендер div (58 симв.)
  рендер button (2 симв.)
  рендер div (62 симв.)
  рендер button (8 симв.)
  рендер button (52 симв.)
  клик button «?Не знаю»
  рендер button (14 симв.)

# [1.40] dialog:flow «В аптеке» · действий: 120
  рендер div#l-body (468 симв.)
  рендер div (71 симв.)
  рендер button (2 симв.)
  рендер div (86 симв.)
  рендер button (8 симв.)
  рендер button (52 симв.)
  рендер div#l-body (468 симв.)
  рендер div (71 симв.)
  рендер button (2 симв.)
  рендер div (86 симв.)
  рендер button (8 симв.)
  рендер button (52 симв.)
  рендер div (86 симв.)
  рендер button (8 симв.)
  рендер button (52 симв.)
  ввод textarea «I need something for a headache.»
  клик button «Ответить»
  рендер div (32 симв.)
  рендер div (83 симв.)
  рендер button (2 симв.)
  рендер button (6 симв.)
  рендер div#l-body (468 симв.)
  рендер div (71 симв.)
  рендер button (2 симв.)
  рендер div (86 симв.)
  рендер button (8 симв.)
  рендер button (52 симв.)
  рендер div (45 симв.)
  рендер button (8 симв.)
  рендер button (52 симв.)
  ввод textarea «No, just my head.»
  клик button «Ответить»
  рендер div (17 симв.)
  рендер div (114 симв.)
  рендер button (2 симв.)
  рендер button (6 симв.)
  рендер div#l-body (468 симв.)
  рендер div (71 симв.)
  рендер button (2 симв.)
  рендер div (86 симв.)
  рендер button (8 симв.)
  рендер button (52 симв.)
  рендер div (45 симв.)
  рендер button (8 симв.)
  рендер button (52 симв.)
  ввод textarea «Thank you very much.»
  клик button «Ответить»
  рендер div (20 симв.)
  рендер div (63 симв.)
  рендер button (2 симв.)
  рендер button (6 симв.)
  рендер div#l-body (468 симв.)
  рендер div (71 симв.)
  рендер button (2 симв.)
  рендер div (86 симв.)
  рендер button (8 симв.)
  рендер button (52 симв.)
  рендер div (70 симв.)
  рендер button (8 симв.)
  рендер button (52 симв.)
  ввод textarea «When should I come again?»
  клик button «Ответить»
  рендер div (25 симв.)
  рендер div (98 симв.)
  рендер button (2 симв.)
  рендер button (6 симв.)
  рендер div#l-body (468 симв.)
  рендер div (71 симв.)
  рендер button (2 симв.)
  рендер div (86 симв.)
  рендер button (8 симв.)
  рендер button (52 симв.)
  рендер div (31 симв.)
  рендер button (8 симв.)
  рендер button (52 симв.)
  ввод textarea «One week. I understand.»
  клик button «Ответить»
  рендер div (23 симв.)
  рендер div (60 симв.)
  рендер button (2 симв.)
  рендер button (6 симв.)
  рендер div#l-body (468 симв.)
  рендер div (71 симв.)
  рендер button (2 симв.)
  рендер div (86 симв.)
  рендер button (8 симв.)
  рендер button (52 симв.)
  рендер div (29 симв.)
  рендер button (8 симв.)
  рендер button (52 симв.)
  ввод textarea «Thank you. Goodbye.»
  клик button «Ответить»
  рендер div (19 симв.)
  рендер div (54 симв.)
  рендер button (2 симв.)
  рендер button (9 симв.)
  рендер div#l-body (468 симв.)
  рендер div (71 симв.)
  рендер button (2 симв.)
  рендер div (86 симв.)
  рендер button (8 симв.)
  рендер button (52 симв.)
  ввод textarea «xyzzy qqq»
  клик button «Ответить»
  рендер div (9 симв.)
  рендер button (15 симв.)
  клик button «Исправить ответ»
  ввод textarea «xyzzy qqq»
  клик button «Ответить»
  рендер div (9 симв.)
  рендер div (105 симв.)
  рендер button (22 симв.)
  рендер div#l-body (468 симв.)
  рендер div (71 симв.)
  рендер button (2 симв.)
  рендер div (86 симв.)
  рендер button (8 симв.)
  рендер button (52 симв.)
  клик button «?Не знаю»
  рендер button (32 симв.)

# [1.41] words «Одежда · 1» · действий: 1
  рендер div (477 симв.)

# [1.42] words «Одежда · 2» · действий: 1
  рендер div (473 симв.)

# [1.43] build «Собери: Одежда» · действий: 8
  рендер div (325 симв.)
  рендер button (1 симв.)
  рендер button (2 симв.)
  рендер button (7 симв.)
  рендер button (5 симв.)
  рендер button (6 симв.)
  рендер button (3 симв.)
  рендер button (1 симв.)

# [1.44] dialog:flow «Купить куртку» · действий: 165
  рендер div#l-body (462 симв.)
  рендер div (67 симв.)
  рендер button (2 симв.)
  рендер div (58 симв.)
  рендер button (8 симв.)
  рендер button (52 симв.)
  рендер div#l-body (462 симв.)
  рендер div (67 симв.)
  рендер button (2 симв.)
  рендер div (58 симв.)
  рендер button (8 симв.)
  рендер button (52 симв.)
  рендер div (58 симв.)
  рендер button (8 симв.)
  рендер button (52 симв.)
  ввод textarea «Yes, I am looking for a jacket.»
  клик button «Ответить»
  рендер div (31 симв.)
  рендер div (100 симв.)
  рендер button (2 симв.)
  рендер button (6 симв.)
  рендер div#l-body (462 симв.)
  рендер div (67 симв.)
  рендер button (2 симв.)
  рендер div (58 симв.)
  рендер button (8 симв.)
  рендер button (52 симв.)
  рендер div (56 симв.)
  рендер button (8 симв.)
  рендер button (52 симв.)
  ввод textarea «Medium, please.»
  клик button «Ответить»
  рендер div (15 симв.)
  рендер div (70 симв.)
  рендер button (2 симв.)
  рендер button (6 симв.)
  рендер div#l-body (462 симв.)
  рендер div (67 симв.)
  рендер button (2 симв.)
  рендер div (58 симв.)
  рендер button (8 симв.)
  рендер button (52 симв.)
  рендер div (61 симв.)
  рендер button (8 симв.)
  рендер button (52 симв.)
  ввод textarea «Thank you. I will take it.»
  клик button «Ответить»
  рендер div (26 симв.)
  рендер div (53 симв.)
  рендер button (2 симв.)
  рендер button (6 симв.)
  рендер div#l-body (462 симв.)
  рендер div (67 симв.)
  рендер button (2 симв.)
  рендер div (58 симв.)
  рендер button (8 симв.)
  рендер button (52 симв.)
  рендер div (64 симв.)
  рендер button (8 симв.)
  рендер button (52 симв.)
  ввод textarea «A large one, please.»
  клик button «Ответить»
  рендер div (20 симв.)
  рендер div (70 симв.)
  рендер button (2 симв.)
  рендер button (6 симв.)
  рендер div#l-body (462 симв.)
  рендер div (67 симв.)
  рендер button (2 симв.)
  рендер div (58 симв.)
  рендер button (8 симв.)
  рендер button (52 симв.)
  рендер div (73 симв.)
  рендер button (8 симв.)
  рендер button (52 симв.)
  ввод textarea «Yes, I like it. I will take it.»
  клик button «Ответить»
  рендер div (31 симв.)
  рендер div (83 симв.)
  рендер button (2 симв.)
  рендер button (6 симв.)
  рендер div#l-body (462 симв.)
  рендер div (67 симв.)
  рендер button (2 симв.)
  рендер div (58 симв.)
  рендер button (8 симв.)
  рендер button (52 симв.)
  рендер div (61 симв.)
  рендер button (8 симв.)
  рендер button (52 симв.)
  ввод textarea «Thank you. I will take it.»
  клик button «Ответить»
  рендер div (26 симв.)
  рендер div (53 симв.)
  рендер button (2 симв.)
  рендер button (6 симв.)
  рендер div#l-body (462 симв.)
  рендер div (67 симв.)
  рендер button (2 симв.)
  рендер div (58 симв.)
  рендер button (8 симв.)
  рендер button (52 симв.)
  рендер div (72 симв.)
  рендер button (8 симв.)
  рендер button (52 симв.)
  ввод textarea «No, that is all, thank you.»
  клик button «Ответить»
  рендер div (27 симв.)
  рендер div (78 симв.)
  рендер button (2 симв.)
  рендер button (6 симв.)
  рендер div#l-body (462 симв.)
  рендер div (67 симв.)
  рендер button (2 симв.)
  рендер div (58 симв.)
  рендер button (8 симв.)
  рендер button (52 симв.)
  рендер div (62 симв.)
  рендер button (8 симв.)
  рендер button (52 симв.)
  ввод textarea «By card, please.»
  клик button «Ответить»
  рендер div (16 симв.)
  рендер div (104 симв.)
  рендер button (2 симв.)
  рендер button (6 симв.)
  рендер div#l-body (462 симв.)
  рендер div (67 симв.)
  рендер button (2 симв.)
  рендер div (58 симв.)
  рендер button (8 симв.)
  рендер button (52 симв.)
  рендер div (26 симв.)
  рендер button (8 симв.)
  рендер button (52 симв.)
  ввод textarea «Thanks, you too!»
  клик button «Ответить»
  рендер div (16 симв.)
  рендер div (70 симв.)
  рендер button (2 симв.)
  рендер button (9 симв.)
  рендер div#l-body (462 симв.)
  рендер div (67 симв.)
  рендер button (2 симв.)
  рендер div (58 симв.)
  рендер button (8 симв.)
  рендер button (52 симв.)
  ввод textarea «xyzzy qqq»
  клик button «Ответить»
  рендер div (9 симв.)
  рендер button (15 симв.)
  клик button «Исправить ответ»
  ввод textarea «xyzzy qqq»
  клик button «Ответить»
  рендер div (9 симв.)
  рендер div (104 симв.)
  рендер button (22 симв.)
  рендер div#l-body (462 симв.)
  рендер div (67 симв.)
  рендер button (2 симв.)
  рендер div (58 симв.)
  рендер button (8 симв.)
  рендер button (52 симв.)
  клик button «?Не знаю»
  рендер button (31 симв.)

# [1.45] words «Еда каждый день · 1» · действий: 1
  рендер div (471 симв.)

# [1.46] words «Еда каждый день · 2» · действий: 1
  рендер div (481 симв.)

# [1.47] build «Собери: Еда каждый день» · действий: 7
  рендер div (332 симв.)
  рендер button (1 симв.)
  рендер button (4 симв.)
  рендер button (3 симв.)
  рендер button (6 симв.)
  рендер button (4 симв.)
  рендер button (3 симв.)

# [1.48] dialog:flow «Заказать обед» · действий: 120
  рендер div#l-body (463 симв.)
  рендер div (63 симв.)
  рендер button (2 симв.)
  рендер div (83 симв.)
  рендер button (8 симв.)
  рендер button (52 симв.)
  рендер div#l-body (463 симв.)
  рендер div (63 симв.)
  рендер button (2 симв.)
  рендер div (83 симв.)
  рендер button (8 симв.)
  рендер button (52 симв.)
  рендер div (83 симв.)
  рендер button (8 симв.)
  рендер button (52 симв.)
  ввод textarea «Not yet. Could I see the menu, please?»
  клик button «Ответить»
  рендер div (38 симв.)
  рендер div (68 симв.)
  рендер button (2 симв.)
  рендер button (6 симв.)
  рендер div#l-body (463 симв.)
  рендер div (63 симв.)
  рендер button (2 симв.)
  рендер div (83 симв.)
  рендер button (8 симв.)
  рендер button (52 симв.)
  рендер div (53 симв.)
  рендер button (8 симв.)
  рендер button (52 симв.)
  ввод textarea «I will have the soup and some bread.»
  клик button «Ответить»
  рендер div (36 симв.)
  рендер div (88 симв.)
  рендер button (2 симв.)
  рендер button (6 симв.)
  рендер div#l-body (463 симв.)
  рендер div (63 симв.)
  рендер button (2 симв.)
  рендер div (83 симв.)
  рендер button (8 симв.)
  рендер button (52 симв.)
  рендер div (61 симв.)
  рендер button (8 симв.)
  рендер button (52 симв.)
  ввод textarea «Just water, please.»
  клик button «Ответить»
  рендер div (19 симв.)
  рендер div (73 симв.)
  рендер button (2 симв.)
  рендер button (6 симв.)
  рендер div#l-body (463 симв.)
  рендер div (63 симв.)
  рендер button (2 симв.)
  рендер div (83 симв.)
  рендер button (8 симв.)
  рендер button (52 симв.)
  рендер div (72 симв.)
  рендер button (8 симв.)
  рендер button (52 симв.)
  ввод textarea «No, thank you. That is all.»
  клик button «Ответить»
  рендер div (27 симв.)
  рендер div (67 симв.)
  рендер button (2 симв.)
  рендер button (6 симв.)
  рендер div#l-body (463 симв.)
  рендер div (63 симв.)
  рендер button (2 симв.)
  рендер div (83 симв.)
  рендер button (8 симв.)
  рендер button (52 симв.)
  рендер div (22 симв.)
  рендер button (8 симв.)
  рендер button (52 симв.)
  ввод textarea «Thank you very much.»
  клик button «Ответить»
  рендер div (20 симв.)
  рендер div (66 симв.)
  рендер button (2 симв.)
  рендер button (6 симв.)
  рендер div#l-body (463 симв.)
  рендер div (63 симв.)
  рендер button (2 симв.)
  рендер div (83 симв.)
  рендер button (8 симв.)
  рендер button (52 симв.)
  рендер div (69 симв.)
  рендер button (8 симв.)
  рендер button (52 симв.)
  ввод textarea «Thank you, it looks delicious.»
  клик button «Ответить»
  рендер div (30 симв.)
  рендер div (88 симв.)
  рендер button (2 симв.)
  рендер button (9 симв.)
  рендер div#l-body (463 симв.)
  рендер div (63 симв.)
  рендер button (2 симв.)
  рендер div (83 симв.)
  рендер button (8 симв.)
  рендер button (52 симв.)
  ввод textarea «xyzzy qqq»
  клик button «Ответить»
  рендер div (9 симв.)
  рендер button (15 симв.)
  клик button «Исправить ответ»
  ввод textarea «xyzzy qqq»
  клик button «Ответить»
  рендер div (9 симв.)
  рендер div (111 симв.)
  рендер button (22 симв.)
  рендер div#l-body (463 симв.)
  рендер div (63 симв.)
  рендер button (2 симв.)
  рендер div (83 симв.)
  рендер button (8 симв.)
  рендер button (52 симв.)
  клик button «?Не знаю»
  рендер button (38 симв.)

# [1.49] words «Напитки · 1» · действий: 1
  рендер div (476 симв.)

# [1.50] words «Напитки · 2» · действий: 1
  рендер div (472 симв.)

# [1.51] build «Собери: Напитки» · действий: 6
  рендер div (328 симв.)
  рендер button (2 симв.)
  рендер button (6 симв.)
  рендер button (6 симв.)
  рендер button (3 симв.)
  рендер button (1 симв.)

# [1.52] dialog:flow «У барной стойки» · действий: 120
  рендер div#l-body (462 симв.)
  рендер div (57 симв.)
  рендер button (2 симв.)
  рендер div (52 симв.)
  рендер button (8 симв.)
  рендер button (52 симв.)
  рендер div#l-body (462 симв.)
  рендер div (57 симв.)
  рендер button (2 симв.)
  рендер div (52 симв.)
  рендер button (8 симв.)
  рендер button (52 симв.)
  рендер div (52 симв.)
  рендер button (8 симв.)
  рендер button (52 симв.)
  ввод textarea «A coffee, please.»
  клик button «Ответить»
  рендер div (17 симв.)
  рендер div (44 симв.)
  рендер button (2 симв.)
  рендер button (6 симв.)
  рендер div#l-body (462 симв.)
  рендер div (57 симв.)
  рендер button (2 симв.)
  рендер div (52 симв.)
  рендер button (8 симв.)
  рендер button (52 симв.)
  рендер div (72 симв.)
  рендер button (8 симв.)
  рендер button (52 симв.)
  ввод textarea «No milk, but with sugar, please.»
  клик button «Ответить»
  рендер div (32 симв.)
  рендер div (119 симв.)
  рендер button (2 симв.)
  рендер button (6 симв.)
  рендер div#l-body (462 симв.)
  рендер div (57 симв.)
  рендер button (2 симв.)
  рендер div (52 симв.)
  рендер button (8 симв.)
  рендер button (52 симв.)
  рендер div (65 симв.)
  рендер button (8 симв.)
  рендер button (52 симв.)
  ввод textarea «I will pay by card.»
  клик button «Ответить»
  рендер div (19 симв.)
  рендер div (53 симв.)
  рендер button (2 симв.)
  рендер button (6 симв.)
  рендер div#l-body (462 симв.)
  рендер div (57 симв.)
  рендер button (2 симв.)
  рендер div (52 симв.)
  рендер button (8 симв.)
  рендер button (52 симв.)
  рендер div (72 симв.)
  рендер button (8 симв.)
  рендер button (52 симв.)
  ввод textarea «No, thank you. That is all.»
  клик button «Ответить»
  рендер div (27 симв.)
  рендер div (67 симв.)
  рендер button (2 симв.)
  рендер button (6 симв.)
  рендер div#l-body (462 симв.)
  рендер div (57 симв.)
  рендер button (2 симв.)
  рендер div (52 симв.)
  рендер button (8 симв.)
  рендер button (52 симв.)
  рендер div (22 симв.)
  рендер button (8 симв.)
  рендер button (52 симв.)
  ввод textarea «Thank you very much.»
  клик button «Ответить»
  рендер div (20 симв.)
  рендер div (66 симв.)
  рендер button (2 симв.)
  рендер button (6 симв.)
  рендер div#l-body (462 симв.)
  рендер div (57 симв.)
  рендер button (2 симв.)
  рендер div (52 симв.)
  рендер button (8 симв.)
  рендер button (52 симв.)
  рендер div (69 симв.)
  рендер button (8 симв.)
  рендер button (52 симв.)
  ввод textarea «Thank you, it looks delicious.»
  клик button «Ответить»
  рендер div (30 симв.)
  рендер div (86 симв.)
  рендер button (2 симв.)
  рендер button (9 симв.)
  рендер div#l-body (462 симв.)
  рендер div (57 симв.)
  рендер button (2 симв.)
  рендер div (52 симв.)
  рендер button (8 симв.)
  рендер button (52 симв.)
  ввод textarea «xyzzy qqq»
  клик button «Ответить»
  рендер div (9 симв.)
  рендер button (15 симв.)
  клик button «Исправить ответ»
  ввод textarea «xyzzy qqq»
  клик button «Ответить»
  рендер div (9 симв.)
  рендер div (90 симв.)
  рендер button (22 симв.)
  рендер div#l-body (462 симв.)
  рендер div (57 симв.)
  рендер button (2 симв.)
  рендер div (52 симв.)
  рендер button (8 симв.)
  рендер button (52 симв.)
  клик button «?Не знаю»
  рендер button (17 симв.)

# [1.53] words «Контроль: темы 9–12» · действий: 1
  рендер div (472 симв.)

# [1.54] build «Повтори фразы: темы 9–12» · действий: 4
  рендер div (325 симв.)
  рендер button (5 симв.)
  рендер button (4 симв.)
  рендер button (2 симв.)

# [1.55] words «Дом и комнаты · 1» · действий: 1
  рендер div (472 симв.)

# [1.56] words «Дом и комнаты · 2» · действий: 1
  рендер div (473 симв.)

# [1.57] build «Собери: Дом и комнаты» · действий: 7
  рендер div (333 симв.)
  рендер button (4 симв.)
  рендер button (1 симв.)
  рендер button (2 симв.)
  рендер button (5 симв.)
  рендер button (4 симв.)
  рендер button (1 симв.)

# [1.58] dialog:flow «Показать квартиру» · действий: 135
  рендер div#l-body (451 симв.)
  рендер div (75 симв.)
  рендер button (2 симв.)
  рендер div (63 симв.)
  рендер button (8 симв.)
  рендер button (52 симв.)
  рендер div#l-body (451 симв.)
  рендер div (75 симв.)
  рендер button (2 симв.)
  рендер div (63 симв.)
  рендер button (8 симв.)
  рендер button (52 симв.)
  рендер div (63 симв.)
  рендер button (8 симв.)
  рендер button (52 симв.)
  ввод textarea «Yes, it is a small flat.»
  клик button «Ответить»
  рендер div (24 симв.)
  рендер div (97 симв.)
  рендер button (2 симв.)
  рендер button (6 симв.)
  рендер div#l-body (451 симв.)
  рендер div (75 симв.)
  рендер button (2 симв.)
  рендер div (63 симв.)
  рендер button (8 симв.)
  рендер button (52 симв.)
  рендер div (55 симв.)
  рендер button (8 симв.)
  рендер button (52 симв.)
  ввод textarea «The kitchen is next to the door.»
  клик button «Ответить»
  рендер div (32 симв.)
  рендер div (64 симв.)
  рендер button (2 симв.)
  рендер button (6 симв.)
  рендер div#l-body (451 симв.)
  рендер div (75 симв.)
  рендер button (2 симв.)
  рендер div (63 симв.)
  рендер button (8 симв.)
  рендер button (52 симв.)
  рендер div (50 симв.)
  рендер button (8 симв.)
  рендер button (52 симв.)
  ввод textarea «It is upstairs.»
  клик button «Ответить»
  рендер div (15 симв.)
  рендер div (76 симв.)
  рендер button (2 симв.)
  рендер button (6 симв.)
  рендер div#l-body (451 симв.)
  рендер div (75 симв.)
  рендер button (2 симв.)
  рендер div (63 симв.)
  рендер button (8 симв.)
  рендер button (52 симв.)
  рендер div (54 симв.)
  рендер button (8 симв.)
  рендер button (52 симв.)
  ввод textarea «Yes, there is a small balcony.»
  клик button «Ответить»
  рендер div (30 симв.)
  рендер div (97 симв.)
  рендер button (2 симв.)
  рендер button (6 симв.)
  рендер div#l-body (451 симв.)
  рендер div (75 симв.)
  рендер button (2 симв.)
  рендер div (63 симв.)
  рендер button (8 симв.)
  рендер button (52 симв.)
  рендер div (62 симв.)
  рендер button (8 симв.)
  рендер button (52 симв.)
  ввод textarea «Yes, everything else is fine.»
  клик button «Ответить»
  рендер div (29 симв.)
  рендер div (98 симв.)
  рендер button (2 симв.)
  рендер button (6 симв.)
  рендер div#l-body (451 симв.)
  рендер div (75 симв.)
  рендер button (2 симв.)
  рендер div (63 симв.)
  рендер button (8 симв.)
  рендер button (52 симв.)
  рендер div (22 симв.)
  рендер button (8 симв.)
  рендер button (52 симв.)
  ввод textarea «Thank you, I will.»
  клик button «Ответить»
  рендер div (18 симв.)
  рендер div (60 симв.)
  рендер button (2 симв.)
  рендер button (6 симв.)
  рендер div#l-body (451 симв.)
  рендер div (75 симв.)
  рендер button (2 симв.)
  рендер div (63 симв.)
  рендер button (8 симв.)
  рендер button (52 симв.)
  рендер div (26 симв.)
  рендер button (8 симв.)
  рендер button (52 симв.)
  ввод textarea «You too, good night!»
  клик button «Ответить»
  рендер div (20 симв.)
  рендер div (68 симв.)
  рендер button (2 симв.)
  рендер button (9 симв.)
  рендер div#l-body (451 симв.)
  рендер div (75 симв.)
  рендер button (2 симв.)
  рендер div (63 симв.)
  рендер button (8 симв.)
  рендер button (52 симв.)
  ввод textarea «xyzzy qqq»
  клик button «Ответить»
  рендер div (9 симв.)
  рендер button (15 симв.)
  клик button «Исправить ответ»
  ввод textarea «xyzzy qqq»
  клик button «Ответить»
  рендер div (9 симв.)
  рендер div (97 симв.)
  рендер button (22 симв.)
  рендер div#l-body (451 симв.)
  рендер div (75 симв.)
  рендер button (2 симв.)
  рендер div (63 симв.)
  рендер button (8 симв.)
  рендер button (52 симв.)
  клик button «?Не знаю»
  рендер button (24 симв.)

# [1.59] words «Вещи в доме · 1» · действий: 1
  рендер div (483 симв.)

# [1.60] words «Вещи в доме · 2» · действий: 1
  рендер div (472 симв.)

# [1.61] build «Собери: Вещи в доме» · действий: 6
  рендер div (322 симв.)
  рендер button (4 симв.)
  рендер button (3 симв.)
  рендер button (3 симв.)
  рендер button (5 симв.)
  рендер button (4 симв.)

# [1.62] dialog:flow «Что-то сломалось» · действий: 120
  рендер div#l-body (443 симв.)
  рендер div (81 симв.)
  рендер button (2 симв.)
  рендер div (72 симв.)
  рендер button (8 симв.)
  рендер button (52 симв.)
  рендер div#l-body (443 симв.)
  рендер div (81 симв.)
  рендер button (2 симв.)
  рендер div (72 симв.)
  рендер button (8 симв.)
  рендер button (52 симв.)
  рендер div (72 симв.)
  рендер button (8 симв.)
  рендер button (52 симв.)
  ввод textarea «Hello. The light in the kitchen does not»
  клик button «Ответить»
  рендер div (46 симв.)
  рендер div (109 симв.)
  рендер button (2 симв.)
  рендер button (6 симв.)
  рендер div#l-body (443 симв.)
  рендер div (81 симв.)
  рендер button (2 симв.)
  рендер div (72 симв.)
  рендер button (8 симв.)
  рендер button (52 симв.)
  рендер div (68 симв.)
  рендер button (8 симв.)
  рендер button (52 симв.)
  ввод textarea «Since yesterday evening.»
  клик button «Ответить»
  рендер div (24 симв.)
  рендер div (88 симв.)
  рендер button (2 симв.)
  рендер button (6 симв.)
  рендер div#l-body (443 симв.)
  рендер div (81 симв.)
  рендер button (2 симв.)
  рендер div (72 симв.)
  рендер button (8 симв.)
  рендер button (52 симв.)
  рендер div (22 симв.)
  рендер button (8 симв.)
  рендер button (52 симв.)
  ввод textarea «Thank you very much.»
  клик button «Ответить»
  рендер div (20 симв.)
  рендер div (106 симв.)
  рендер button (2 симв.)
  рендер button (6 симв.)
  рендер div#l-body (443 симв.)
  рендер div (81 симв.)
  рендер button (2 симв.)
  рендер div (72 симв.)
  рендер button (8 симв.)
  рендер button (52 симв.)
  рендер div (62 симв.)
  рендер button (8 симв.)
  рендер button (52 симв.)
  ввод textarea «Yes, everything else is fine.»
  клик button «Ответить»
  рендер div (29 симв.)
  рендер div (85 симв.)
  рендер button (2 симв.)
  рендер button (6 симв.)
  рендер div#l-body (443 симв.)
  рендер div (81 симв.)
  рендер button (2 симв.)
  рендер div (72 симв.)
  рендер button (8 симв.)
  рендер button (52 симв.)
  рендер div (22 симв.)
  рендер button (8 симв.)
  рендер button (52 симв.)
  ввод textarea «Thank you, I will.»
  клик button «Ответить»
  рендер div (18 симв.)
  рендер div (60 симв.)
  рендер button (2 симв.)
  рендер button (6 симв.)
  рендер div#l-body (443 симв.)
  рендер div (81 симв.)
  рендер button (2 симв.)
  рендер div (72 симв.)
  рендер button (8 симв.)
  рендер button (52 симв.)
  рендер div (26 симв.)
  рендер button (8 симв.)
  рендер button (52 симв.)
  ввод textarea «You too, good night!»
  клик button «Ответить»
  рендер div (20 симв.)
  рендер div (44 симв.)
  рендер button (2 симв.)
  рендер button (9 симв.)
  рендер div#l-body (443 симв.)
  рендер div (81 симв.)
  рендер button (2 симв.)
  рендер div (72 симв.)
  рендер button (8 симв.)
  рендер button (52 симв.)
  ввод textarea «xyzzy qqq»
  клик button «Ответить»
  рендер div (9 симв.)
  рендер button (15 симв.)
  клик button «Исправить ответ»
  ввод textarea «xyzzy qqq»
  клик button «Ответить»
  рендер div (9 симв.)
  рендер div (119 симв.)
  рендер button (22 симв.)
  рендер div#l-body (443 симв.)
  рендер div (81 симв.)
  рендер button (2 симв.)
  рендер div (72 симв.)
  рендер button (8 симв.)
  рендер button (52 симв.)
  клик button «?Не знаю»
  рендер button (46 симв.)

# [1.63] words «Город вокруг · 1» · действий: 1
  рендер div (473 симв.)

# [1.64] words «Город вокруг · 2» · действий: 1
  рендер div (479 симв.)

# [1.65] build «Собери: Город вокруг» · действий: 6
  рендер div (324 симв.)
  рендер button (5 симв.)
  рендер button (2 симв.)
  рендер button (3 симв.)
  рендер button (4 симв.)
  рендер button (7 симв.)

# [1.66] dialog:flow «Найти банк» · действий: 120
  рендер div#l-body (452 симв.)
  рендер div (51 симв.)
  рендер button (2 симв.)
  рендер div (52 симв.)
  рендер button (8 симв.)
  рендер button (52 симв.)
  рендер div#l-body (452 симв.)
  рендер div (51 симв.)
  рендер button (2 симв.)
  рендер div (52 симв.)
  рендер button (8 симв.)
  рендер button (52 симв.)
  рендер div (52 симв.)
  рендер button (8 симв.)
  рендер button (52 симв.)
  ввод textarea «Excuse me, where is the bank?»
  клик button «Ответить»
  рендер div (29 симв.)
  рендер div (84 симв.)
  рендер button (2 симв.)
  рендер button (6 симв.)
  рендер div#l-body (452 симв.)
  рендер div (51 симв.)
  рендер button (2 симв.)
  рендер div (52 симв.)
  рендер button (8 симв.)
  рендер button (52 симв.)
  рендер div (33 симв.)
  рендер button (8 симв.)
  рендер button (52 симв.)
  ввод textarea «Is it far from here?»
  клик button «Ответить»
  рендер div (20 симв.)
  рендер div (107 симв.)
  рендер button (2 симв.)
  рендер button (6 симв.)
  рендер div#l-body (452 симв.)
  рендер div (51 симв.)
  рендер button (2 симв.)
  рендер div (52 симв.)
  рендер button (8 симв.)
  рендер button (52 симв.)
  рендер div (22 симв.)
  рендер button (8 симв.)
  рендер button (52 симв.)
  ввод textarea «Thank you very much.»
  клик button «Ответить»
  рендер div (20 симв.)
  рендер div (96 симв.)
  рендер button (2 симв.)
  рендер button (6 симв.)
  рендер div#l-body (452 симв.)
  рендер div (51 симв.)
  рендер button (2 симв.)
  рендер div (52 симв.)
  рендер button (8 симв.)
  рендер button (52 симв.)
  рендер div (67 симв.)
  рендер button (8 симв.)
  рендер button (52 симв.)
  ввод textarea «Is there a cafe near here?»
  клик button «Ответить»
  рендер div (26 симв.)
  рендер div (71 симв.)
  рендер button (2 симв.)
  рендер button (6 симв.)
  рендер div#l-body (452 симв.)
  рендер div (51 симв.)
  рендер button (2 симв.)
  рендер div (52 симв.)
  рендер button (8 симв.)
  рендер button (52 симв.)
  рендер div (60 симв.)
  рендер button (8 симв.)
  рендер button (52 симв.)
  ввод textarea «Left or right?»
  клик button «Ответить»
  рендер div (14 симв.)
  рендер div (82 симв.)
  рендер button (2 симв.)
  рендер button (6 симв.)
  рендер div#l-body (452 симв.)
  рендер div (51 симв.)
  рендер button (2 симв.)
  рендер div (52 симв.)
  рендер button (8 симв.)
  рендер button (52 симв.)
  рендер div (22 симв.)
  рендер button (8 симв.)
  рендер button (52 симв.)
  ввод textarea «Thank you, that is very helpful.»
  клик button «Ответить»
  рендер div (32 симв.)
  рендер div (82 симв.)
  рендер button (2 симв.)
  рендер button (9 симв.)
  рендер div#l-body (452 симв.)
  рендер div (51 симв.)
  рендер button (2 симв.)
  рендер div (52 симв.)
  рендер button (8 симв.)
  рендер button (52 симв.)
  ввод textarea «xyzzy qqq»
  клик button «Ответить»
  рендер div (9 симв.)
  рендер button (15 симв.)
  клик button «Исправить ответ»
  ввод textarea «xyzzy qqq»
  клик button «Ответить»
  рендер div (9 симв.)
  рендер div (102 симв.)
  рендер button (22 симв.)
  рендер div#l-body (452 симв.)
  рендер div (51 симв.)
  рендер button (2 симв.)
  рендер div (52 симв.)
  рендер button (8 симв.)
  рендер button (52 симв.)
  клик button «?Не знаю»
  рендер button (29 симв.)

# [1.67] words «Транспорт · 1» · действий: 1
  рендер div (474 симв.)

# [1.68] words «Транспорт · 2» · действий: 1
  рендер div (484 симв.)

# [1.69] build «Собери: Транспорт» · действий: 5
  рендер div (337 симв.)
  рендер button (6 симв.)
  рендер button (7 симв.)
  рендер button (5 симв.)
  рендер button (3 симв.)

# [1.70] dialog:flow «Купить билет» · действий: 90
  рендер div#l-body (437 симв.)
  рендер div (55 симв.)
  рендер button (2 симв.)
  рендер div (49 симв.)
  рендер button (8 симв.)
  рендер button (52 симв.)
  рендер div#l-body (437 симв.)
  рендер div (55 симв.)
  рендер button (2 симв.)
  рендер div (49 симв.)
  рендер button (8 симв.)
  рендер button (52 симв.)
  рендер div (49 симв.)
  рендер button (8 симв.)
  рендер button (52 симв.)
  ввод textarea «To the centre, please.»
  клик button «Ответить»
  рендер div (22 симв.)
  рендер div (97 симв.)
  рендер button (2 симв.)
  рендер button (6 симв.)
  рендер div#l-body (437 симв.)
  рендер div (55 симв.)
  рендер button (2 симв.)
  рендер div (49 симв.)
  рендер button (8 симв.)
  рендер button (52 симв.)
  рендер div (53 симв.)
  рендер button (8 симв.)
  рендер button (52 симв.)
  ввод textarea «Return, please.»
  клик button «Ответить»
  рендер div (15 симв.)
  рендер div (75 симв.)
  рендер button (2 симв.)
  рендер button (6 симв.)
  рендер div#l-body (437 симв.)
  рендер div (55 симв.)
  рендер button (2 симв.)
  рендер div (49 симв.)
  рендер button (8 симв.)
  рендер button (52 симв.)
  рендер div (58 симв.)
  рендер button (8 симв.)
  рендер button (52 симв.)
  ввод textarea «Thank you. What time does the train leav»
  клик button «Ответить»
  рендер div (42 симв.)
  рендер div (128 симв.)
  рендер button (2 симв.)
  рендер button (6 симв.)
  рендер div#l-body (437 симв.)
  рендер div (55 симв.)
  рендер button (2 симв.)
  рендер div (49 симв.)
  рендер button (8 симв.)
  рендер button (52 симв.)
  рендер div (35 симв.)
  рендер button (8 симв.)
  рендер button (52 симв.)
  ввод textarea «Thank you very much. Goodbye!»
  клик button «Ответить»
  рендер div (29 симв.)
  рендер div (79 симв.)
  рендер button (2 симв.)
  рендер button (9 симв.)
  рендер div#l-body (437 симв.)
  рендер div (55 симв.)
  рендер button (2 симв.)
  рендер div (49 симв.)
  рендер button (8 симв.)
  рендер button (52 симв.)
  ввод textarea «xyzzy qqq»
  клик button «Ответить»
  рендер div (9 симв.)
  рендер button (15 симв.)
  клик button «Исправить ответ»
  ввод textarea «xyzzy qqq»
  клик button «Ответить»
  рендер div (9 симв.)
  рендер div (95 симв.)
  рендер button (22 симв.)
  рендер div#l-body (437 симв.)
  рендер div (55 симв.)
  рендер button (2 симв.)
  рендер div (49 симв.)
  рендер button (8 симв.)
  рендер button (52 симв.)
  клик button «?Не знаю»
  рендер button (22 симв.)

# [1.71] words «Контроль: темы 13–16» · действий: 1
  рендер div (476 симв.)

# [1.72] build «Повтори фразы: темы 13–16» · действий: 7
  рендер div (333 симв.)
  рендер button (1 симв.)
  рендер button (4 симв.)
  рендер button (4 симв.)
  рендер button (5 симв.)
  рендер button (2 симв.)
  рендер button (1 симв.)

# [1.73] words «Дорога и направление · 1» · действий: 1
  рендер div (474 симв.)

# [1.74] words «Дорога и направление · 2» · действий: 1
  рендер div (474 симв.)

# [1.75] build «Собери: Дорога и направление» · действий: 6
  рендер div (336 симв.)
  рендер button (2 симв.)
  рендер button (8 симв.)
  рендер button (3 симв.)
  рендер button (4 симв.)
  рендер button (4 симв.)

# [1.76] dialog:flow «Объяснить дорогу» · действий: 105
  рендер div#l-body (450 симв.)
  рендер div (77 симв.)
  рендер button (2 симв.)
  рендер div (58 симв.)
  рендер button (8 симв.)
  рендер button (52 симв.)
  рендер div#l-body (450 симв.)
  рендер div (77 симв.)
  рендер button (2 симв.)
  рендер div (58 симв.)
  рендер button (8 симв.)
  рендер button (52 симв.)
  рендер div (58 симв.)
  рендер button (8 симв.)
  рендер button (52 симв.)
  ввод textarea «Go straight, then turn right.»
  клик button «Ответить»
  рендер div (29 симв.)
  рендер div (87 симв.)
  рендер button (2 симв.)
  рендер button (6 симв.)
  рендер div#l-body (450 симв.)
  рендер div (77 симв.)
  рендер button (2 симв.)
  рендер div (58 симв.)
  рендер button (8 симв.)
  рендер button (52 симв.)
  рендер div (67 симв.)
  рендер button (8 симв.)
  рендер button (52 симв.)
  ввод textarea «About five minutes on foot.»
  клик button «Ответить»
  рендер div (27 симв.)
  рендер div (96 симв.)
  рендер button (2 симв.)
  рендер button (6 симв.)
  рендер div#l-body (450 симв.)
  рендер div (77 симв.)
  рендер button (2 симв.)
  рендер div (58 симв.)
  рендер button (8 симв.)
  рендер button (52 симв.)
  рендер div (52 симв.)
  рендер button (8 симв.)
  рендер button (52 симв.)
  ввод textarea «You are welcome.»
  клик button «Ответить»
  рендер div (16 симв.)
  рендер div (75 симв.)
  рендер button (2 симв.)
  рендер button (6 симв.)
  рендер div#l-body (450 симв.)
  рендер div (77 симв.)
  рендер button (2 симв.)
  рендер div (58 симв.)
  рендер button (8 симв.)
  рендер button (52 симв.)
  рендер div (67 симв.)
  рендер button (8 симв.)
  рендер button (52 симв.)
  ввод textarea «Is there a cafe near here?»
  клик button «Ответить»
  рендер div (26 симв.)
  рендер div (122 симв.)
  рендер button (2 симв.)
  рендер button (6 симв.)
  рендер div#l-body (450 симв.)
  рендер div (77 симв.)
  рендер button (2 симв.)
  рендер div (58 симв.)
  рендер button (8 симв.)
  рендер button (52 симв.)
  рендер div (22 симв.)
  рендер button (8 симв.)
  рендер button (52 симв.)
  ввод textarea «Thank you very much.»
  клик button «Ответить»
  рендер div (20 симв.)
  рендер div (81 симв.)
  рендер button (2 симв.)
  рендер button (9 симв.)
  рендер div#l-body (450 симв.)
  рендер div (77 симв.)
  рендер button (2 симв.)
  рендер div (58 симв.)
  рендер button (8 симв.)
  рендер button (52 симв.)
  ввод textarea «xyzzy qqq»
  клик button «Ответить»
  рендер div (9 симв.)
  рендер button (15 симв.)
  клик button «Исправить ответ»
  ввод textarea «xyzzy qqq»
  клик button «Ответить»
  рендер div (9 симв.)
  рендер div (102 симв.)
  рендер button (22 симв.)
  рендер div#l-body (450 симв.)
  рендер div (77 симв.)
  рендер button (2 симв.)
  рендер div (58 симв.)
  рендер button (8 симв.)
  рендер button (52 симв.)
  клик button «?Не знаю»
  рендер button (29 симв.)

# [1.77] words «Работа и профессии · 1» · действий: 1
  рендер div (485 симв.)

# [1.78] words «Работа и профессии · 2» · действий: 1
  рендер div (478 симв.)

# [1.79] build «Собери: Работа и профессии» · действий: 7
  рендер div (336 симв.)
  рендер button (1 симв.)
  рендер button (4 симв.)
  рендер button (2 симв.)
  рендер button (1 симв.)
  рендер button (5 симв.)
  рендер button (7 симв.)

# [1.80] dialog:flow «Рассказать о работе» · действий: 105
  рендер div#l-body (455 симв.)
  рендер div (59 симв.)
  рендер button (2 симв.)
  рендер div (75 симв.)
  рендер button (8 симв.)
  рендер button (52 симв.)
  рендер div#l-body (455 симв.)
  рендер div (59 симв.)
  рендер button (2 симв.)
  рендер div (75 симв.)
  рендер button (8 симв.)
  рендер button (52 симв.)
  рендер div (75 симв.)
  рендер button (8 симв.)
  рендер button (52 симв.)
  ввод textarea «I work in a small company.»
  клик button «Ответить»
  рендер div (26 симв.)
  рендер div (72 симв.)
  рендер button (2 симв.)
  рендер button (6 симв.)
  рендер div#l-body (455 симв.)
  рендер div (59 симв.)
  рендер button (2 симв.)
  рендер div (75 симв.)
  рендер button (8 симв.)
  рендер button (52 симв.)
  рендер div (65 симв.)
  рендер button (8 симв.)
  рендер button (52 симв.)
  ввод textarea «Yes, but there is a lot of work.»
  клик button «Ответить»
  рендер div (32 симв.)
  рендер div (92 симв.)
  рендер button (2 симв.)
  рендер button (6 симв.)
  рендер div#l-body (455 симв.)
  рендер div (59 симв.)
  рендер button (2 симв.)
  рендер div (75 симв.)
  рендер button (8 симв.)
  рендер button (52 симв.)
  рендер div (67 симв.)
  рендер button (8 симв.)
  рендер button (52 симв.)
  ввод textarea «And what about you?»
  клик button «Ответить»
  рендер div (19 симв.)
  рендер div (118 симв.)
  рендер button (2 симв.)
  рендер button (6 симв.)
  рендер div#l-body (455 симв.)
  рендер div (59 симв.)
  рендер button (2 симв.)
  рендер div (75 симв.)
  рендер button (8 симв.)
  рендер button (52 симв.)
  рендер div (49 симв.)
  рендер button (8 симв.)
  рендер button (52 симв.)
  ввод textarea «Would you like something to drink?»
  клик button «Ответить»
  рендер div (34 симв.)
  рендер div (96 симв.)
  рендер button (2 симв.)
  рендер button (6 симв.)
  рендер div#l-body (455 симв.)
  рендер div (59 симв.)
  рендер button (2 симв.)
  рендер div (75 симв.)
  рендер button (8 симв.)
  рендер button (52 симв.)
  рендер div (29 симв.)
  рендер button (8 симв.)
  рендер button (52 симв.)
  ввод textarea «Nice to meet you. Goodbye!»
  клик button «Ответить»
  рендер div (26 симв.)
  рендер div (44 симв.)
  рендер button (2 симв.)
  рендер button (9 симв.)
  рендер div#l-body (455 симв.)
  рендер div (59 симв.)
  рендер button (2 симв.)
  рендер div (75 симв.)
  рендер button (8 симв.)
  рендер button (52 симв.)
  ввод textarea «xyzzy qqq»
  клик button «Ответить»
  рендер div (9 симв.)
  рендер button (15 симв.)
  клик button «Исправить ответ»
  ввод textarea «xyzzy qqq»
  клик button «Ответить»
  рендер div (9 симв.)
  рендер div (99 симв.)
  рендер button (22 симв.)
  рендер div#l-body (455 симв.)
  рендер div (59 симв.)
  рендер button (2 симв.)
  рендер div (75 симв.)
  рендер button (8 симв.)
  рендер button (52 симв.)
  клик button «?Не знаю»
  рендер button (26 симв.)

# [1.81] words «Учёба · 1» · действий: 1
  рендер div (475 симв.)

# [1.82] words «Учёба · 2» · действий: 1
  рендер div (476 симв.)

# [1.83] build «Собери: Учёба» · действий: 8
  рендер div (331 симв.)
  рендер button (1 симв.)
  рендер button (4 симв.)
  рендер button (3 симв.)
  рендер button (7 симв.)
  рендер button (5 симв.)
  рендер button (3 симв.)
  рендер button (7 симв.)

# [1.84] dialog:flow «На языковых курсах» · действий: 120
  рендер div#l-body (484 симв.)
  рендер div (196 симв.)
  рендер button (2 симв.)
  рендер div (104 симв.)
  рендер button (8 симв.)
  рендер button (52 симв.)
  рендер div#l-body (484 симв.)
  рендер div (196 симв.)
  рендер button (2 симв.)
  рендер div (104 симв.)
  рендер button (8 симв.)
  рендер button (52 симв.)
  рендер div (104 симв.)
  рендер button (8 симв.)
  рендер button (52 симв.)
  ввод textarea «For two years.»
  клик button «Ответить»
  рендер div (14 симв.)
  рендер div (135 симв.)
  рендер button (2 симв.)
  рендер button (6 симв.)
  рендер div#l-body (484 симв.)
  рендер div (196 симв.)
  рендер button (2 симв.)
  рендер div (104 симв.)
  рендер button (8 симв.)
  рендер button (52 симв.)
  рендер div (94 симв.)
  рендер button (8 симв.)
  рендер button (52 симв.)
  ввод textarea «Speaking is difficult for me.»
  клик button «Ответить»
  рендер div (29 симв.)
  рендер div (136 симв.)
  рендер button (2 симв.)
  рендер button (6 симв.)
  рендер div#l-body (484 симв.)
  рендер div (196 симв.)
  рендер button (2 симв.)
  рендер div (104 симв.)
  рендер button (8 симв.)
  рендер button (52 симв.)
  рендер div (69 симв.)
  рендер button (8 симв.)
  рендер button (52 симв.)
  ввод textarea «Good, thank you.»
  клик button «Ответить»
  рендер div (16 симв.)
  рендер div (94 симв.)
  рендер button (2 симв.)
  рендер button (6 симв.)
  рендер div#l-body (484 симв.)
  рендер div (196 симв.)
  рендер button (2 симв.)
  рендер div (104 симв.)
  рендер button (8 симв.)
  рендер button (52 симв.)
  рендер div (102 симв.)
  рендер button (8 симв.)
  рендер button (52 симв.)
  ввод textarea «When does the course start?»
  клик button «Ответить»
  рендер div (27 симв.)
  рендер div (191 симв.)
  рендер button (2 симв.)
  рендер button (6 симв.)
  рендер div#l-body (484 симв.)
  рендер div (196 симв.)
  рендер button (2 симв.)
  рендер div (104 симв.)
  рендер button (8 симв.)
  рендер button (52 симв.)
  рендер div (45 симв.)
  рендер button (8 симв.)
  рендер button (52 симв.)
  ввод textarea «Thank you, I will wait for your call.»
  клик button «Ответить»
  рендер div (37 симв.)
  рендер div (65 симв.)
  рендер button (2 симв.)
  рендер button (6 симв.)
  рендер div#l-body (484 симв.)
  рендер div (196 симв.)
  рендер button (2 симв.)
  рендер div (104 симв.)
  рендер button (8 симв.)
  рендер button (52 симв.)
  рендер div (29 симв.)
  рендер button (8 симв.)
  рендер button (52 симв.)
  ввод textarea «Thank you. Have a good day.»
  клик button «Ответить»
  рендер div (27 симв.)
  рендер div (70 симв.)
  рендер button (2 симв.)
  рендер button (9 симв.)
  рендер div#l-body (484 симв.)
  рендер div (196 симв.)
  рендер button (2 симв.)
  рендер div (104 симв.)
  рендер button (8 симв.)
  рендер button (52 симв.)
  ввод textarea «xyzzy qqq»
  клик button «Ответить»
  рендер div (9 симв.)
  рендер button (15 симв.)
  клик button «Исправить ответ»
  ввод textarea «xyzzy qqq»
  клик button «Ответить»
  рендер div (9 симв.)
  рендер div (87 симв.)
  рендер button (22 симв.)
  рендер div#l-body (484 симв.)
  рендер div (196 симв.)
  рендер button (2 симв.)
  рендер div (104 симв.)
  рендер button (8 симв.)
  рендер button (52 симв.)
  клик button «?Не знаю»
  рендер button (14 симв.)

# [1.85] words «Деньги и оплата · 1» · действий: 1
  рендер div (475 симв.)

# [1.86] words «Деньги и оплата · 2» · действий: 1
  рендер div (472 симв.)

# [1.87] build «Собери: Деньги и оплата» · действий: 6
  рендер div (323 симв.)
  рендер button (3 симв.)
  рендер button (4 симв.)
  рендер button (4 симв.)
  рендер button (4 симв.)
  рендер button (2 симв.)

# [1.88] dialog:flow «Оплата на кассе» · действий: 135
  рендер div#l-body (457 симв.)
  рендер div (86 симв.)
  рендер button (2 симв.)
  рендер div (78 симв.)
  рендер button (8 симв.)
  рендер button (52 симв.)
  рендер div#l-body (457 симв.)
  рендер div (86 симв.)
  рендер button (2 симв.)
  рендер div (78 симв.)
  рендер button (8 симв.)
  рендер button (52 симв.)
  рендер div (78 симв.)
  рендер button (8 симв.)
  рендер button (52 симв.)
  ввод textarea «Can I pay by card?»
  клик button «Ответить»
  рендер div (18 симв.)
  рендер div (51 симв.)
  рендер button (2 симв.)
  рендер button (6 симв.)
  рендер div#l-body (457 симв.)
  рендер div (86 симв.)
  рендер button (2 симв.)
  рендер div (78 симв.)
  рендер button (8 симв.)
  рендер button (52 симв.)
  рендер div (35 симв.)
  рендер button (8 симв.)
  рендер button (52 симв.)
  ввод textarea «Here you are.»
  клик button «Ответить»
  рендер div (13 симв.)
  рендер div (56 симв.)
  рендер button (2 симв.)
  рендер button (6 симв.)
  рендер div#l-body (457 симв.)
  рендер div (86 симв.)
  рендер button (2 симв.)
  рендер div (78 симв.)
  рендер button (8 симв.)
  рендер button (52 симв.)
  рендер div (36 симв.)
  рендер button (8 симв.)
  рендер button (52 симв.)
  ввод textarea «Yes, please.»
  клик button «Ответить»
  рендер div (12 симв.)
  рендер div (84 симв.)
  рендер button (2 симв.)
  рендер button (6 симв.)
  рендер div#l-body (457 симв.)
  рендер div (86 симв.)
  рендер button (2 симв.)
  рендер div (78 симв.)
  рендер button (8 симв.)
  рендер button (52 симв.)
  рендер div (119 симв.)
  рендер button (8 симв.)
  рендер button (52 симв.)
  ввод textarea «When will it be ready?»
  клик button «Ответить»
  рендер div (22 симв.)
  рендер div (78 симв.)
  рендер button (2 симв.)
  рендер button (6 симв.)
  рендер div#l-body (457 симв.)
  рендер div (86 симв.)
  рендер button (2 симв.)
  рендер div (78 симв.)
  рендер button (8 симв.)
  рендер button (52 симв.)
  рендер div (44 симв.)
  рендер button (8 симв.)
  рендер button (52 симв.)
  ввод textarea «Will you call me?»
  клик button «Ответить»
  рендер div (17 симв.)
  рендер div (78 симв.)
  рендер button (2 симв.)
  рендер button (6 симв.)
  рендер div#l-body (457 симв.)
  рендер div (86 симв.)
  рендер button (2 симв.)
  рендер div (78 симв.)
  рендер button (8 симв.)
  рендер button (52 симв.)
  рендер div (30 симв.)
  рендер button (8 симв.)
  рендер button (52 симв.)
  ввод textarea «Thank you very much.»
  клик button «Ответить»
  рендер div (20 симв.)
  рендер div (51 симв.)
  рендер button (2 симв.)
  рендер button (6 симв.)
  рендер div#l-body (457 симв.)
  рендер div (86 симв.)
  рендер button (2 симв.)
  рендер div (78 симв.)
  рендер button (8 симв.)
  рендер button (52 симв.)
  рендер div (21 симв.)
  рендер button (8 симв.)
  рендер button (52 симв.)
  ввод textarea «Goodbye.»
  клик button «Ответить»
  рендер div (8 симв.)
  рендер div (44 симв.)
  рендер button (2 симв.)
  рендер button (9 симв.)
  рендер div#l-body (457 симв.)
  рендер div (86 симв.)
  рендер button (2 симв.)
  рендер div (78 симв.)
  рендер button (8 симв.)
  рендер button (52 симв.)
  ввод textarea «xyzzy qqq»
  клик button «Ответить»
  рендер div (9 симв.)
  рендер button (15 симв.)
  клик button «Исправить ответ»
  ввод textarea «xyzzy qqq»
  клик button «Ответить»
  рендер div (9 симв.)
  рендер div (91 симв.)
  рендер button (22 симв.)
  рендер div#l-body (457 симв.)
  рендер div (86 симв.)
  рендер button (2 симв.)
  рендер div (78 симв.)
  рендер button (8 симв.)
  рендер button (52 симв.)
  клик button «?Не знаю»
  рендер button (18 симв.)

# [1.89] words «Контроль: темы 17–20» · действий: 1
  рендер div (472 симв.)

# [1.90] build «Повтори фразы: темы 17–20» · действий: 6
  рендер div (336 симв.)
  рендер button (2 симв.)
  рендер button (4 симв.)
  рендер button (8 симв.)
  рендер button (3 симв.)
  рендер button (4 симв.)

# [1.91] words «В банке · 1» · действий: 1
  рендер div (478 симв.)

# [1.92] words «В банке · 2» · действий: 1
  рендер div (474 симв.)

# [1.93] build «Собери: В банке» · действий: 7
  рендер div (325 симв.)
  рендер button (2 симв.)
  рендер button (4 симв.)
  рендер button (4 симв.)
  рендер button (7 симв.)
  рендер button (2 симв.)
  рендер button (1 симв.)

# [1.94] dialog:flow «Открыть счёт» · действий: 150
  рендер div#l-body (456 симв.)
  рендер div (86 симв.)
  рендер button (2 симв.)
  рендер div (41 симв.)
  рендер button (8 симв.)
  рендер button (52 симв.)
  рендер div#l-body (456 симв.)
  рендер div (86 симв.)
  рендер button (2 симв.)
  рендер div (41 симв.)
  рендер button (8 симв.)
  рендер button (52 симв.)
  рендер div (41 симв.)
  рендер button (8 симв.)
  рендер button (52 симв.)
  ввод textarea «I want to open an account.»
  клик button «Ответить»
  рендер div (26 симв.)
  рендер div (92 симв.)
  рендер button (2 симв.)
  рендер button (6 симв.)
  рендер div#l-body (456 симв.)
  рендер div (86 симв.)
  рендер button (2 симв.)
  рендер div (41 симв.)
  рендер button (8 симв.)
  рендер button (52 симв.)
  рендер div (56 симв.)
  рендер button (8 симв.)
  рендер button (52 симв.)
  ввод textarea «Yes, here it is.»
  клик button «Ответить»
  рендер div (16 симв.)
  рендер div (98 симв.)
  рендер button (2 симв.)
  рендер button (6 симв.)
  рендер div#l-body (456 симв.)
  рендер div (86 симв.)
  рендер button (2 симв.)
  рендер div (41 симв.)
  рендер button (8 симв.)
  рендер button (52 симв.)
  рендер div (21 симв.)
  рендер button (8 симв.)
  рендер button (52 симв.)
  ввод textarea «Ok. Goodbye.»
  клик button «Ответить»
  рендер div (12 симв.)
  рендер div (68 симв.)
  рендер button (2 симв.)
  рендер button (9 симв.)
  рендер div#l-body (456 симв.)
  рендер div (86 симв.)
  рендер button (2 симв.)
  рендер div (41 симв.)
  рендер button (8 симв.)
  рендер button (52 симв.)
  рендер div (42 симв.)
  рендер button (8 симв.)
  рендер button (52 симв.)
  ввод textarea «Where do I sign?»
  клик button «Ответить»
  рендер div (16 симв.)
  рендер div (78 симв.)
  рендер button (2 симв.)
  рендер button (6 симв.)
  рендер div#l-body (456 симв.)
  рендер div (86 симв.)
  рендер button (2 симв.)
  рендер div (41 симв.)
  рендер button (8 симв.)
  рендер button (52 симв.)
  рендер div (74 симв.)
  рендер button (8 симв.)
  рендер button (52 симв.)
  ввод textarea «When will it be ready?»
  клик button «Ответить»
  рендер div (22 симв.)
  рендер div (78 симв.)
  рендер button (2 симв.)
  рендер button (6 симв.)
  рендер div#l-body (456 симв.)
  рендер div (86 симв.)
  рендер button (2 симв.)
  рендер div (41 симв.)
  рендер button (8 симв.)
  рендер button (52 симв.)
  рендер div (44 симв.)
  рендер button (8 симв.)
  рендер button (52 симв.)
  ввод textarea «Will you call me?»
  клик button «Ответить»
  рендер div (17 симв.)
  рендер div (78 симв.)
  рендер button (2 симв.)
  рендер button (6 симв.)
  рендер div#l-body (456 симв.)
  рендер div (86 симв.)
  рендер button (2 симв.)
  рендер div (41 симв.)
  рендер button (8 симв.)
  рендер button (52 симв.)
  рендер div (33 симв.)
  рендер button (8 симв.)
  рендер button (52 симв.)
  ввод textarea «Thank you very much.»
  клик button «Ответить»
  рендер div (20 симв.)
  рендер div (51 симв.)
  рендер button (2 симв.)
  рендер button (6 симв.)
  рендер div#l-body (456 симв.)
  рендер div (86 симв.)
  рендер button (2 симв.)
  рендер div (41 симв.)
  рендер button (8 симв.)
  рендер button (52 симв.)
  рендер div (21 симв.)
  рендер button (8 симв.)
  рендер button (52 симв.)
  ввод textarea «Goodbye.»
  клик button «Ответить»
  рендер div (8 симв.)
  рендер div (75 симв.)
  рендер button (2 симв.)
  рендер button (9 симв.)
  рендер div#l-body (456 симв.)
  рендер div (86 симв.)
  рендер button (2 симв.)
  рендер div (41 симв.)
  рендер button (8 симв.)
  рендер button (52 симв.)
  ввод textarea «xyzzy qqq»
  клик button «Ответить»
  рендер div (9 симв.)
  рендер button (15 симв.)
  клик button «Исправить ответ»
  ввод textarea «xyzzy qqq»
  клик button «Ответить»
  рендер div (9 симв.)
  рендер div (99 симв.)
  рендер button (22 симв.)
  рендер div#l-body (456 симв.)
  рендер div (86 симв.)
  рендер button (2 симв.)
  рендер div (41 симв.)
  рендер button (8 симв.)
  рендер button (52 симв.)
  клик button «?Не знаю»
  рендер button (26 симв.)

# [1.95] words «Покупки в супермаркете · 1» · действий: 1
  рендер div (550 симв.)

# [1.96] words «Покупки в супермаркете · 2» · действий: 1
  рендер div (472 симв.)

# [1.97] build «Собери: Покупки в супермаркете» · действий: 6
  рендер div (329 симв.)
  рендер button (4 симв.)
  рендер button (1 симв.)
  рендер button (4 симв.)
  рендер button (5 симв.)
  рендер button (3 симв.)

# [1.98] dialog «В овощном отделе» · действий: 45
  рендер div#l-body (437 симв.)
  рендер div (56 симв.)
  рендер button (2 симв.)
  рендер div (38 симв.)
  рендер button (8 симв.)
  рендер button (52 симв.)
  ввод textarea «I do not know»
  клик button «Ответить»
  рендер div (13 симв.)
  рендер div (211 симв.)
  рендер button (15 симв.)
  ввод textarea «I do not know»
  клик button «Ответить»
  рендер div (13 симв.)
  рендер div (211 симв.)
  рендер button (6 симв.)
  клик button «Дальше»
  клик button «Дальше»
  клик button «Дальше»
  клик button «Дальше»
  клик button «Дальше»
  клик button «Дальше»
  клик button «Дальше»
  клик button «Дальше»
  клик button «Дальше»
  клик button «Дальше»
  клик button «Дальше»
  клик button «Дальше»
  клик button «Дальше»
  клик button «Дальше»
  клик button «Дальше»
  клик button «Дальше»
  клик button «Дальше»
  клик button «Дальше»
  клик button «Дальше»
  клик button «Дальше»
  клик button «Дальше»
  клик button «Дальше»
  клик button «Дальше»
  клик button «Дальше»
  клик button «Дальше»
  клик button «Дальше»
  клик button «Дальше»
  клик button «Дальше»
  клик button «Дальше»

# [1.99] words «В ресторане · 1» · действий: 1
  рендер div (482 симв.)

# [1.100] words «В ресторане · 2» · действий: 1
  рендер div (482 симв.)

# [1.101] build «Собери: В ресторане» · действий: 6
  рендер div (333 симв.)
  рендер button (3 симв.)
  рендер button (1 симв.)
  рендер button (6 симв.)
  рендер button (5 симв.)
  рендер button (3 симв.)

# [1.102] dialog «Ужин вдвоём» · действий: 45
  рендер div#l-body (442 симв.)
  рендер div (86 симв.)
  рендер button (2 симв.)
  рендер div (54 симв.)
  рендер button (8 симв.)
  рендер button (52 симв.)
  ввод textarea «I do not know»
  клик button «Ответить»
  рендер div (13 симв.)
  рендер div (241 симв.)
  рендер button (15 симв.)
  ввод textarea «I do not know»
  клик button «Ответить»
  рендер div (13 симв.)
  рендер div (241 симв.)
  рендер button (6 симв.)
  клик button «Дальше»
  клик button «Дальше»
  клик button «Дальше»
  клик button «Дальше»
  клик button «Дальше»
  клик button «Дальше»
  клик button «Дальше»
  клик button «Дальше»
  клик button «Дальше»
  клик button «Дальше»
  клик button «Дальше»
  клик button «Дальше»
  клик button «Дальше»
  клик button «Дальше»
  клик button «Дальше»
  клик button «Дальше»
  клик button «Дальше»
  клик button «Дальше»
  клик button «Дальше»
  клик button «Дальше»
  клик button «Дальше»
  клик button «Дальше»
  клик button «Дальше»
  клик button «Дальше»
  клик button «Дальше»
  клик button «Дальше»
  клик button «Дальше»
  клик button «Дальше»
  клик button «Дальше»

# [1.103] words «Свободное время · 1» · действий: 1
  рендер div (576 симв.)

# [1.104] words «Свободное время · 2» · действий: 1
  рендер div (474 симв.)

# [1.105] build «Собери: Свободное время» · действий: 6
  рендер div (328 симв.)
  рендер button (4 симв.)
  рендер button (1 симв.)
  рендер button (5 симв.)
  рендер button (2 симв.)
  рендер button (9 симв.)

# [1.106] dialog «Позвать в кино» · действий: 45
  рендер div#l-body (439 симв.)
  рендер div (65 симв.)
  рендер button (2 симв.)
  рендер div (24 симв.)
  рендер button (8 симв.)
  рендер button (52 симв.)
  ввод textarea «I do not know»
  клик button «Ответить»
  рендер div (13 симв.)
  рендер div (190 симв.)
  рендер button (15 симв.)
  ввод textarea «I do not know»
  клик button «Ответить»
  рендер div (13 симв.)
  рендер div (190 симв.)
  рендер button (6 симв.)
  клик button «Дальше»
  клик button «Дальше»
  клик button «Дальше»
  клик button «Дальше»
  клик button «Дальше»
  клик button «Дальше»
  клик button «Дальше»
  клик button «Дальше»
  клик button «Дальше»
  клик button «Дальше»
  клик button «Дальше»
  клик button «Дальше»
  клик button «Дальше»
  клик button «Дальше»
  клик button «Дальше»
  клик button «Дальше»
  клик button «Дальше»
  клик button «Дальше»
  клик button «Дальше»
  клик button «Дальше»
  клик button «Дальше»
  клик button «Дальше»
  клик button «Дальше»
  клик button «Дальше»
  клик button «Дальше»
  клик button «Дальше»
  клик button «Дальше»
  клик button «Дальше»
  клик button «Дальше»

# [1.107] words «Контроль: темы 21–24» · действий: 1
  рендер div (564 симв.)

# [1.108] build «Повтори фразы: темы 21–24» · действий: 7
  рендер div (325 симв.)
  рендер button (1 симв.)
  рендер button (4 симв.)
  рендер button (2 симв.)
  рендер button (4 симв.)
  рендер button (7 симв.)
  рендер button (2 симв.)

# [1.109] words «Спорт и движение · 1» · действий: 1
  рендер div (474 симв.)

# [1.110] words «Спорт и движение · 2» · действий: 1
  рендер div (477 симв.)

# [1.111] build «Собери: Спорт и движение» · действий: 5
  рендер div (333 симв.)
  рендер button (9 симв.)
  рендер button (3 симв.)
  рендер button (4 симв.)
  рендер button (3 симв.)

# [1.112] dialog «Записаться в зал» · действий: 45
  рендер div#l-body (438 симв.)
  рендер div (76 симв.)
  рендер button (2 симв.)
  рендер div (46 симв.)
  рендер button (8 симв.)
  рендер button (52 симв.)
  ввод textarea «I do not know»
  клик button «Ответить»
  рендер div (13 симв.)
  рендер div (232 симв.)
  рендер button (15 симв.)
  ввод textarea «I do not know»
  клик button «Ответить»
  рендер div (13 симв.)
  рендер div (232 симв.)
  рендер button (6 симв.)
  клик button «Дальше»
  клик button «Дальше»
  клик button «Дальше»
  клик button «Дальше»
  клик button «Дальше»
  клик button «Дальше»
  клик button «Дальше»
  клик button «Дальше»
  клик button «Дальше»
  клик button «Дальше»
  клик button «Дальше»
  клик button «Дальше»
  клик button «Дальше»
  клик button «Дальше»
  клик button «Дальше»
  клик button «Дальше»
  клик button «Дальше»
  клик button «Дальше»
  клик button «Дальше»
  клик button «Дальше»
  клик button «Дальше»
  клик button «Дальше»
  клик button «Дальше»
  клик button «Дальше»
  клик button «Дальше»
  клик button «Дальше»
  клик button «Дальше»
  клик button «Дальше»
  клик button «Дальше»

# [1.113] words «Животные · 1» · действий: 1
  рендер div (478 симв.)

# [1.114] words «Животные · 2» · действий: 1
  рендер div (476 симв.)

# [1.115] build «Собери: Животные» · действий: 8
  рендер div (332 симв.)
  рендер button (1 симв.)
  рендер button (4 симв.)
  рендер button (1 симв.)
  рендер button (3 симв.)
  рендер button (3 симв.)
  рендер button (3 симв.)
  рендер button (1 симв.)

# [1.116] dialog «Разговор о питомце» · действий: 45
  рендер div#l-body (439 симв.)
  рендер div (80 симв.)
  рендер button (2 симв.)
  рендер div (37 симв.)
  рендер button (8 симв.)
  рендер button (52 симв.)
  ввод textarea «I do not know»
  клик button «Ответить»
  рендер div (13 симв.)
  рендер div (204 симв.)
  рендер button (15 симв.)
  ввод textarea «I do not know»
  клик button «Ответить»
  рендер div (13 симв.)
  рендер div (204 симв.)
  рендер button (6 симв.)
  клик button «Дальше»
  клик button «Дальше»
  клик button «Дальше»
  клик button «Дальше»
  клик button «Дальше»
  клик button «Дальше»
  клик button «Дальше»
  клик button «Дальше»
  клик button «Дальше»
  клик button «Дальше»
  клик button «Дальше»
  клик button «Дальше»
  клик button «Дальше»
  клик button «Дальше»
  клик button «Дальше»
  клик button «Дальше»
  клик button «Дальше»
  клик button «Дальше»
  клик button «Дальше»
  клик button «Дальше»
  клик button «Дальше»
  клик button «Дальше»
  клик button «Дальше»
  клик button «Дальше»
  клик button «Дальше»
  клик button «Дальше»
  клик button «Дальше»
  клик button «Дальше»
  клик button «Дальше»

# [1.117] words «Чувства и настроение · 1» · действий: 1
  рендер div (479 симв.)

# [1.118] words «Чувства и настроение · 2» · действий: 1
  рендер div (482 симв.)

# [1.119] build «Собери: Чувства и настроение» · действий: 6
  рендер div (327 симв.)
  рендер button (5 симв.)
  рендер button (4 симв.)
  рендер button (2 симв.)
  рендер button (1 симв.)
  рендер button (5 симв.)

# [1.120] dialog «Поддержать друга» · действий: 45
  рендер div#l-body (442 симв.)
  рендер div (76 симв.)
  рендер button (2 симв.)
  рендер div (32 симв.)
  рендер button (8 симв.)
  рендер button (52 симв.)
  ввод textarea «I do not know»
  клик button «Ответить»
  рендер div (13 симв.)
  рендер div (198 симв.)
  рендер button (15 симв.)
  ввод textarea «I do not know»
  клик button «Ответить»
  рендер div (13 симв.)
  рендер div (198 симв.)
  рендер button (6 симв.)
  клик button «Дальше»
  клик button «Дальше»
  клик button «Дальше»
  клик button «Дальше»
  клик button «Дальше»
  клик button «Дальше»
  клик button «Дальше»
  клик button «Дальше»
  клик button «Дальше»
  клик button «Дальше»
  клик button «Дальше»
  клик button «Дальше»
  клик button «Дальше»
  клик button «Дальше»
  клик button «Дальше»
  клик button «Дальше»
  клик button «Дальше»
  клик button «Дальше»
  клик button «Дальше»
  клик button «Дальше»
  клик button «Дальше»
  клик button «Дальше»
  клик button «Дальше»
  клик button «Дальше»
  клик button «Дальше»
  клик button «Дальше»
  клик button «Дальше»
  клик button «Дальше»
  клик button «Дальше»

# [1.121] words «Внешность и люди · 1» · действий: 1
  рендер div (474 симв.)

# [1.122] words «Внешность и люди · 2» · действий: 1
  рендер div (473 симв.)

# [1.123] build «Собери: Внешность и люди» · действий: 6
  рендер div (333 симв.)
  рендер button (8 симв.)
  рендер button (4 симв.)
  рендер button (2 симв.)
  рендер button (9 симв.)
  рендер button (2 симв.)

# [1.124] dialog «Найти человека» · действий: 45
  рендер div#l-body (440 симв.)
  рендер div (59 симв.)
  рендер button (2 симв.)
  рендер div (39 симв.)
  рендер button (8 симв.)
  рендер button (52 симв.)
  ввод textarea «I do not know»
  клик button «Ответить»
  рендер div (13 симв.)
  рендер div (216 симв.)
  рендер button (15 симв.)
  ввод textarea «I do not know»
  клик button «Ответить»
  рендер div (13 симв.)
  рендер div (216 симв.)
  рендер button (6 симв.)
  клик button «Дальше»
  клик button «Дальше»
  клик button «Дальше»
  клик button «Дальше»
  клик button «Дальше»
  клик button «Дальше»
  клик button «Дальше»
  клик button «Дальше»
  клик button «Дальше»
  клик button «Дальше»
  клик button «Дальше»
  клик button «Дальше»
  клик button «Дальше»
  клик button «Дальше»
  клик button «Дальше»
  клик button «Дальше»
  клик button «Дальше»
  клик button «Дальше»
  клик button «Дальше»
  клик button «Дальше»
  клик button «Дальше»
  клик button «Дальше»
  клик button «Дальше»
  клик button «Дальше»
  клик button «Дальше»
  клик button «Дальше»
  клик button «Дальше»
  клик button «Дальше»
  клик button «Дальше»

# [1.125] words «Контроль: темы 25–28» · действий: 1
  рендер div (475 симв.)

# [1.126] build «Повтори фразы: темы 25–28» · действий: 5
  рендер div (333 симв.)
  рендер button (3 симв.)
  рендер button (4 симв.)
  рендер button (9 симв.)
  рендер button (3 симв.)

# [1.127] words «Дни и планы · 1» · действий: 1
  рендер div (472 симв.)

# [1.128] words «Дни и планы · 2» · действий: 1
  рендер div (480 симв.)

# [1.129] build «Собери: Дни и планы» · действий: 4
  рендер div (324 симв.)
  рендер button (8 симв.)
  рендер button (2 симв.)
  рендер button (4 симв.)

# [1.130] dialog «Договориться о встрече» · действий: 45
  рендер div#l-body (439 симв.)
  рендер div (70 симв.)
  рендер button (2 симв.)
  рендер div (29 симв.)
  рендер button (8 симв.)
  рендер button (52 симв.)
  ввод textarea «I do not know»
  клик button «Ответить»
  рендер div (13 симв.)
  рендер div (198 симв.)
  рендер button (15 симв.)
  ввод textarea «I do not know»
  клик button «Ответить»
  рендер div (13 симв.)
  рендер div (198 симв.)
  рендер button (6 симв.)
  клик button «Дальше»
  клик button «Дальше»
  клик button «Дальше»
  клик button «Дальше»
  клик button «Дальше»
  клик button «Дальше»
  клик button «Дальше»
  клик button «Дальше»
  клик button «Дальше»
  клик button «Дальше»
  клик button «Дальше»
  клик button «Дальше»
  клик button «Дальше»
  клик button «Дальше»
  клик button «Дальше»
  клик button «Дальше»
  клик button «Дальше»
  клик button «Дальше»
  клик button «Дальше»
  клик button «Дальше»
  клик button «Дальше»
  клик button «Дальше»
  клик button «Дальше»
  клик button «Дальше»
  клик button «Дальше»
  клик button «Дальше»
  клик button «Дальше»
  клик button «Дальше»
  клик button «Дальше»

# [1.131] words «Праздники и события · 1» · действий: 1
  рендер div (485 симв.)

# [1.132] words «Праздники и события · 2» · действий: 1
  рендер div (481 симв.)

# [1.133] build «Собери: Праздники и события» · действий: 6
  рендер div (332 симв.)
  рендер button (2 симв.)
  рендер button (8 симв.)
  рендер button (3 симв.)
  рендер button (2 симв.)
  рендер button (2 симв.)

# [1.134] dialog «Пригласить на праздник» · действий: 45
  рендер div#l-body (449 симв.)
  рендер div (66 симв.)
  рендер button (2 симв.)
  рендер div (52 симв.)
  рендер button (8 симв.)
  рендер button (52 симв.)
  ввод textarea «I do not know»
  клик button «Ответить»
  рендер div (13 симв.)
  рендер div (228 симв.)
  рендер button (15 симв.)
  ввод textarea «I do not know»
  клик button «Ответить»
  рендер div (13 симв.)
  рендер div (228 симв.)
  рендер button (6 симв.)
  клик button «Дальше»
  клик button «Дальше»
  клик button «Дальше»
  клик button «Дальше»
  клик button «Дальше»
  клик button «Дальше»
  клик button «Дальше»
  клик button «Дальше»
  клик button «Дальше»
  клик button «Дальше»
  клик button «Дальше»
  клик button «Дальше»
  клик button «Дальше»
  клик button «Дальше»
  клик button «Дальше»
  клик button «Дальше»
  клик button «Дальше»
  клик button «Дальше»
  клик button «Дальше»
  клик button «Дальше»
  клик button «Дальше»
  клик button «Дальше»
  клик button «Дальше»
  клик button «Дальше»
  клик button «Дальше»
  клик button «Дальше»
  клик button «Дальше»
  клик button «Дальше»
  клик button «Дальше»

# [1.135] words «Проблемы и помощь · 1» · действий: 1
  рендер div (474 симв.)

# [1.136] words «Проблемы и помощь · 2» · действий: 1
  рендер div (480 симв.)

# [1.137] build «Собери: Проблемы и помощь» · действий: 4
  рендер div (326 симв.)
  рендер button (4 симв.)
  рендер button (2 симв.)
  рендер button (6 симв.)

# [1.138] dialog:lost «Потерял вещь» · действий: 191
  рендер div#l-body (523 симв.)
  рендер div (72 симв.)
  рендер button (2 симв.)
  рендер div (37 симв.)
  рендер button (8 симв.)
  рендер button (52 симв.)
  ввод textarea «I do not know»
  клик button «Ответить»
  рендер div (13 симв.)
  рендер div (155 симв.)
  рендер button (6 симв.)
  клик button «Дальше»
  рендер div (52 симв.)
  рендер button (2 симв.)
  рендер div (31 симв.)
  рендер button (8 симв.)
  рендер button (52 симв.)
  клик button «Дальше»
  рендер div (52 симв.)
  рендер button (2 симв.)
  рендер div (31 симв.)
  рендер button (8 симв.)
  рендер button (52 симв.)
  клик button «Дальше»
  рендер div (52 симв.)
  рендер button (2 симв.)
  рендер div (31 симв.)
  рендер button (8 симв.)
  рендер button (52 симв.)
  клик button «Дальше»
  рендер div (52 симв.)
  рендер button (2 симв.)
  рендер div (31 симв.)
  рендер button (8 симв.)
  рендер button (52 симв.)
  клик button «Дальше»
  рендер div (52 симв.)
  рендер button (2 симв.)
  рендер div (31 симв.)
  рендер button (8 симв.)
  рендер button (52 симв.)
  клик button «Дальше»
  рендер div (52 симв.)
  рендер button (2 симв.)
  рендер div (31 симв.)
  рендер button (8 симв.)
  рендер button (52 симв.)
  клик button «Дальше»
  рендер div (52 симв.)
  рендер button (2 симв.)
  рендер div (31 симв.)
  рендер button (8 симв.)
  рендер button (52 симв.)
  клик button «Дальше»
  рендер div (52 симв.)
  рендер button (2 симв.)
  рендер div (31 симв.)
  рендер button (8 симв.)
  рендер button (52 симв.)
  клик button «Дальше»
  рендер div (52 симв.)
  рендер button (2 симв.)
  рендер div (31 симв.)
  рендер button (8 симв.)
  рендер button (52 симв.)
  клик button «Дальше»
  рендер div (52 симв.)
  рендер button (2 симв.)
  рендер div (31 симв.)
  рендер button (8 симв.)
  рендер button (52 симв.)
  клик button «Дальше»
  рендер div (52 симв.)
  рендер button (2 симв.)
  рендер div (31 симв.)
  рендер button (8 симв.)
  рендер button (52 симв.)
  клик button «Дальше»
  рендер div (52 симв.)
  рендер button (2 симв.)
  рендер div (31 симв.)
  рендер button (8 симв.)
  рендер button (52 симв.)
  клик button «Дальше»
  рендер div (52 симв.)
  рендер button (2 симв.)
  рендер div (31 симв.)
  рендер button (8 симв.)
  рендер button (52 симв.)
  клик button «Дальше»
  рендер div (52 симв.)
  рендер button (2 симв.)
  рендер div (31 симв.)
  рендер button (8 симв.)
  рендер button (52 симв.)
  клик button «Дальше»
  рендер div (52 симв.)
  рендер button (2 симв.)
  рендер div (31 симв.)
  рендер button (8 симв.)
  рендер button (52 симв.)
  клик button «Дальше»
  рендер div (52 симв.)
  рендер button (2 симв.)
  рендер div (31 симв.)
  рендер button (8 симв.)
  рендер button (52 симв.)
  клик button «Дальше»
  рендер div (52 симв.)
  рендер button (2 симв.)
  рендер div (31 симв.)
  рендер button (8 симв.)
  рендер button (52 симв.)
  клик button «Дальше»
  рендер div (52 симв.)
  рендер button (2 симв.)
  рендер div (31 симв.)
  рендер button (8 симв.)
  рендер button (52 симв.)
  клик button «Дальше»
  рендер div (52 симв.)
  рендер button (2 симв.)
  рендер div (31 симв.)
  рендер button (8 симв.)
  рендер button (52 симв.)
  клик button «Дальше»
  рендер div (52 симв.)
  рендер button (2 симв.)
  рендер div (31 симв.)
  рендер button (8 симв.)
  рендер button (52 симв.)
  клик button «Дальше»
  рендер div (52 симв.)
  рендер button (2 симв.)
  рендер div (31 симв.)
  рендер button (8 симв.)
  рендер button (52 симв.)
  клик button «Дальше»
  рендер div (52 симв.)
  рендер button (2 симв.)
  рендер div (31 симв.)
  рендер button (8 симв.)
  рендер button (52 симв.)
  клик button «Дальше»
  рендер div (52 симв.)
  рендер button (2 симв.)
  рендер div (31 симв.)
  рендер button (8 симв.)
  рендер button (52 симв.)
  клик button «Дальше»
  рендер div (52 симв.)
  рендер button (2 симв.)
  рендер div (31 симв.)
  рендер button (8 симв.)
  рендер button (52 симв.)
  клик button «Дальше»
  рендер div (52 симв.)
  рендер button (2 симв.)
  рендер div (31 симв.)
  рендер button (8 симв.)
  рендер button (52 симв.)
  клик button «Дальше»
  рендер div (52 симв.)
  рендер button (2 симв.)
  рендер div (31 симв.)
  рендер button (8 симв.)
  рендер button (52 симв.)
  клик button «Дальше»
  рендер div (52 симв.)
  рендер button (2 симв.)
  рендер div (31 симв.)
  рендер button (8 симв.)
  рендер button (52 симв.)
  клик button «Дальше»
  рендер div (52 симв.)
  рендер button (2 симв.)
  рендер div (31 симв.)
  рендер button (8 симв.)
  рендер button (52 симв.)
  клик button «Дальше»
  рендер div (52 симв.)
  рендер button (2 симв.)
  рендер div (31 симв.)
  рендер button (8 симв.)
  рендер button (52 симв.)
  клик button «Дальше»
  рендер div (52 симв.)
  рендер button (2 симв.)
  рендер div (31 симв.)
  рендер button (8 симв.)
  рендер button (52 симв.)

# [1.139] words «Интернет и связь · 1» · действий: 1
  рендер div (480 симв.)

# [1.140] words «Интернет и связь · 2» · действий: 1
  рендер div (475 симв.)

# [1.141] build «Собери: Интернет и связь» · действий: 7
  рендер div (328 симв.)
  рендер button (1 симв.)
  рендер button (3 симв.)
  рендер button (4 симв.)
  рендер button (4 симв.)
  рендер button (5 симв.)
  рендер button (2 симв.)

# [1.142] dialog:flow «Проблема с интернетом» · действий: 120
  рендер div#l-body (481 симв.)
  рендер div (78 симв.)
  рендер button (2 симв.)
  рендер div (76 симв.)
  рендер button (8 симв.)
  рендер button (52 симв.)
  рендер div#l-body (481 симв.)
  рендер div (78 симв.)
  рендер button (2 симв.)
  рендер div (76 симв.)
  рендер button (8 симв.)
  рендер button (52 симв.)
  рендер div (76 симв.)
  рендер button (8 симв.)
  рендер button (52 симв.)
  ввод textarea «The internet does not work.»
  клик button «Ответить»
  рендер div (27 симв.)
  рендер div (82 симв.)
  рендер button (2 симв.)
  рендер button (6 симв.)
  рендер div#l-body (481 симв.)
  рендер div (78 симв.)
  рендер button (2 симв.)
  рендер div (76 симв.)
  рендер button (8 симв.)
  рендер button (52 симв.)
  рендер div (40 симв.)
  рендер button (8 симв.)
  рендер button (52 симв.)
  ввод textarea «Yes, I checked it.»
  клик button «Ответить»
  рендер div (18 симв.)
  рендер div (126 симв.)
  рендер button (2 симв.)
  рендер button (6 симв.)
  рендер div#l-body (481 симв.)
  рендер div (78 симв.)
  рендер button (2 симв.)
  рендер div (76 симв.)
  рендер button (8 симв.)
  рендер button (52 симв.)
  рендер div (41 симв.)
  рендер button (8 симв.)
  рендер button (52 симв.)
  ввод textarea «No, it still does not work.»
  клик button «Ответить»
  рендер div (27 симв.)
  рендер div (89 симв.)
  рендер button (2 симв.)
  рендер button (6 симв.)
  рендер div#l-body (481 симв.)
  рендер div (78 симв.)
  рендер button (2 симв.)
  рендер div (76 симв.)
  рендер button (8 симв.)
  рендер button (52 симв.)
  рендер div (52 симв.)
  рендер button (8 симв.)
  рендер button (52 симв.)
  ввод textarea «Thank you. What time should I expect him»
  клик button «Ответить»
  рендер div (41 симв.)
  рендер div (89 симв.)
  рендер button (2 симв.)
  рендер button (6 симв.)
  рендер div#l-body (481 симв.)
  рендер div (78 симв.)
  рендер button (2 симв.)
  рендер div (76 симв.)
  рендер button (8 симв.)
  рендер button (52 симв.)
  рендер div (37 симв.)
  рендер button (8 симв.)
  рендер button (52 симв.)
  ввод textarea «Ok, I will be at home.»
  клик button «Ответить»
  рендер div (22 симв.)
  рендер div (77 симв.)
  рендер button (2 симв.)
  рендер button (6 симв.)
  рендер div#l-body (481 симв.)
  рендер div (78 симв.)
  рендер button (2 симв.)
  рендер div (76 симв.)
  рендер button (8 симв.)
  рендер button (52 симв.)
  рендер div (29 симв.)
  рендер button (8 симв.)
  рендер button (52 симв.)
  ввод textarea «Thank you. Have a good day.»
  клик button «Ответить»
  рендер div (27 симв.)
  рендер div (33 симв.)
  рендер button (2 симв.)
  рендер button (9 симв.)
  рендер div#l-body (481 симв.)
  рендер div (78 симв.)
  рендер button (2 симв.)
  рендер div (76 симв.)
  рендер button (8 симв.)
  рендер button (52 симв.)
  ввод textarea «xyzzy qqq»
  клик button «Ответить»
  рендер div (9 симв.)
  рендер button (15 симв.)
  клик button «Исправить ответ»
  ввод textarea «xyzzy qqq»
  клик button «Ответить»
  рендер div (9 симв.)
  рендер div (100 симв.)
  рендер button (22 симв.)
  рендер div#l-body (481 симв.)
  рендер div (78 симв.)
  рендер button (2 симв.)
  рендер div (76 симв.)
  рендер button (8 симв.)
  рендер button (52 симв.)
  клик button «?Не знаю»
  рендер button (27 симв.)

# [1.143] words «Контроль: темы 29–32» · действий: 1
  рендер div (481 симв.)

# [1.144] build «Повтори фразы: темы 29–32» · действий: 4
  рендер div (324 симв.)
  рендер button (4 симв.)
  рендер button (2 симв.)
  рендер button (8 симв.)

# [1.145] words «Описать вещь · 1» · действий: 1
  рендер div (534 симв.)

# [1.146] words «Описать вещь · 2» · действий: 1
  рендер div (474 симв.)

# [1.147] build «Собери: Описать вещь» · действий: 5
  рендер div (322 симв.)
  рендер button (4 симв.)
  рендер button (6 симв.)
  рендер button (2 симв.)
  рендер button (5 симв.)

# [1.148] dialog «Вернуть товар» · действий: 45
  рендер div#l-body (448 симв.)
  рендер div (71 симв.)
  рендер button (2 симв.)
  рендер div (34 симв.)
  рендер button (8 симв.)
  рендер button (52 симв.)
  ввод textarea «I do not know»
  клик button «Ответить»
  рендер div (13 симв.)
  рендер div (203 симв.)
  рендер button (15 симв.)
  ввод textarea «I do not know»
  клик button «Ответить»
  рендер div (13 симв.)
  рендер div (203 симв.)
  рендер button (6 симв.)
  клик button «Дальше»
  клик button «Дальше»
  клик button «Дальше»
  клик button «Дальше»
  клик button «Дальше»
  клик button «Дальше»
  клик button «Дальше»
  клик button «Дальше»
  клик button «Дальше»
  клик button «Дальше»
  клик button «Дальше»
  клик button «Дальше»
  клик button «Дальше»
  клик button «Дальше»
  клик button «Дальше»
  клик button «Дальше»
  клик button «Дальше»
  клик button «Дальше»
  клик button «Дальше»
  клик button «Дальше»
  клик button «Дальше»
  клик button «Дальше»
  клик button «Дальше»
  клик button «Дальше»
  клик button «Дальше»
  клик button «Дальше»
  клик button «Дальше»
  клик button «Дальше»
  клик button «Дальше»

# [1.149] words «Простые действия · 1» · действий: 1
  рендер div (479 симв.)

# [1.150] words «Простые действия · 2» · действий: 1
  рендер div (474 симв.)

# [1.151] build «Собери: Простые действия» · действий: 9
  рендер div (330 симв.)
  рендер button (2 симв.)
  рендер button (2 симв.)
  рендер button (2 симв.)
  рендер button (1 симв.)
  рендер button (5 симв.)
  рендер button (7 симв.)
  рендер button (4 симв.)
  рендер button (3 симв.)

# [1.152] dialog «Утро в общей кухне» · действий: 45
  рендер div#l-body (442 симв.)
  рендер div (69 симв.)
  рендер button (2 симв.)
  рендер div (42 симв.)
  рендер button (8 симв.)
  рендер button (52 симв.)
  ввод textarea «I do not know»
  клик button «Ответить»
  рендер div (13 симв.)
  рендер div (201 симв.)
  рендер button (15 симв.)
  ввод textarea «I do not know»
  клик button «Ответить»
  рендер div (13 симв.)
  рендер div (201 симв.)
  рендер button (6 симв.)
  клик button «Дальше»
  клик button «Дальше»
  клик button «Дальше»
  клик button «Дальше»
  клик button «Дальше»
  клик button «Дальше»
  клик button «Дальше»
  клик button «Дальше»
  клик button «Дальше»
  клик button «Дальше»
  клик button «Дальше»
  клик button «Дальше»
  клик button «Дальше»
  клик button «Дальше»
  клик button «Дальше»
  клик button «Дальше»
  клик button «Дальше»
  клик button «Дальше»
  клик button «Дальше»
  клик button «Дальше»
  клик button «Дальше»
  клик button «Дальше»
  клик button «Дальше»
  клик button «Дальше»
  клик button «Дальше»
  клик button «Дальше»
  клик button «Дальше»
  клик button «Дальше»
  клик button «Дальше»

# [1.153] words «Мнение и согласие · 1» · действий: 1
  рендер div (475 симв.)

# [1.154] words «Мнение и согласие · 2» · действий: 1
  рендер div (479 симв.)

# [1.155] build «Собери: Мнение и согласие» · действий: 8
  рендер div (331 симв.)
  рендер button (4 симв.)
  рендер button (2 симв.)
  рендер button (2 симв.)
  рендер button (4 симв.)
  рендер button (5 симв.)
  рендер button (1 симв.)
  рендер button (1 симв.)

# [1.156] dialog «Обсудить фильм» · действий: 45
  рендер div#l-body (449 симв.)
  рендер div (75 симв.)
  рендер button (2 симв.)
  рендер div (42 симв.)
  рендер button (8 симв.)
  рендер button (52 симв.)
  ввод textarea «I do not know»
  клик button «Ответить»
  рендер div (13 симв.)
  рендер div (223 симв.)
  рендер button (15 симв.)
  ввод textarea «I do not know»
  клик button «Ответить»
  рендер div (13 симв.)
  рендер div (223 симв.)
  рендер button (6 симв.)
  клик button «Дальше»
  клик button «Дальше»
  клик button «Дальше»
  клик button «Дальше»
  клик button «Дальше»
  клик button «Дальше»
  клик button «Дальше»
  клик button «Дальше»
  клик button «Дальше»
  клик button «Дальше»
  клик button «Дальше»
  клик button «Дальше»
  клик button «Дальше»
  клик button «Дальше»
  клик button «Дальше»
  клик button «Дальше»
  клик button «Дальше»
  клик button «Дальше»
  клик button «Дальше»
  клик button «Дальше»
  клик button «Дальше»
  клик button «Дальше»
  клик button «Дальше»
  клик button «Дальше»
  клик button «Дальше»
  клик button «Дальше»
  клик button «Дальше»
  клик button «Дальше»
  клик button «Дальше»

# [1.157] words «Большие числа и даты · 1» · действий: 1
  рендер div (482 симв.)

# [1.158] words «Большие числа и даты · 2» · действий: 1
  рендер div (479 симв.)

# [1.159] build «Собери: Большие числа и даты» · действий: 6
  рендер div (327 симв.)
  рендер button (1 симв.)
  рендер button (1 симв.)
  рендер button (5 симв.)
  рендер button (4 симв.)
  рендер button (8 симв.)

# [1.160] dialog:flow «Перевод денег» · действий: 120
  рендер div#l-body (451 симв.)
  рендер div (81 симв.)
  рендер button (2 симв.)
  рендер div (63 симв.)
  рендер button (8 симв.)
  рендер button (52 симв.)
  рендер div#l-body (451 симв.)
  рендер div (81 симв.)
  рендер button (2 симв.)
  рендер div (63 симв.)
  рендер button (8 симв.)
  рендер button (52 симв.)
  рендер div (63 симв.)
  рендер button (8 симв.)
  рендер button (52 симв.)
  ввод textarea «One thousand three hundred euros, please»
  клик button «Ответить»
  рендер div (41 симв.)
  рендер div (83 симв.)
  рендер button (2 симв.)
  рендер button (6 симв.)
  рендер div#l-body (451 симв.)
  рендер div (81 симв.)
  рендер button (2 симв.)
  рендер div (63 симв.)
  рендер button (8 симв.)
  рендер button (52 симв.)
  рендер div (110 симв.)
  рендер button (8 симв.)
  рендер button (52 симв.)
  ввод textarea «Before the nineteenth of November.»
  клик button «Ответить»
  рендер div (34 симв.)
  рендер div (97 симв.)
  рендер button (2 симв.)
  рендер button (6 симв.)
  рендер div#l-body (451 симв.)
  рендер div (81 симв.)
  рендер button (2 симв.)
  рендер div (63 симв.)
  рендер button (8 симв.)
  рендер button (52 симв.)
  рендер div (60 симв.)
  рендер button (8 симв.)
  рендер button (52 симв.)
  ввод textarea «Ok, I agree.»
  клик button «Ответить»
  рендер div (12 симв.)
  рендер div (53 симв.)
  рендер button (2 симв.)
  рендер button (6 симв.)
  рендер div#l-body (451 симв.)
  рендер div (81 симв.)
  рендер button (2 симв.)
  рендер div (63 симв.)
  рендер button (8 симв.)
  рендер button (52 симв.)
  рендер div (97 симв.)
  рендер button (8 симв.)
  рендер button (52 симв.)
  ввод textarea «When will it be ready?»
  клик button «Ответить»
  рендер div (22 симв.)
  рендер div (78 симв.)
  рендер button (2 симв.)
  рендер button (6 симв.)
  рендер div#l-body (451 симв.)
  рендер div (81 симв.)
  рендер button (2 симв.)
  рендер div (63 симв.)
  рендер button (8 симв.)
  рендер button (52 симв.)
  рендер div (55 симв.)
  рендер button (8 симв.)
  рендер button (52 симв.)
  ввод textarea «Will you send me a message?»
  клик button «Ответить»
  рендер div (27 симв.)
  рендер div (115 симв.)
  рендер button (2 симв.)
  рендер button (6 симв.)
  рендер div#l-body (451 симв.)
  рендер div (81 симв.)
  рендер button (2 симв.)
  рендер div (63 симв.)
  рендер button (8 симв.)
  рендер button (52 симв.)
  рендер div (35 симв.)
  рендер button (8 симв.)
  рендер button (52 симв.)
  ввод textarea «Thank you very much. Goodbye.»
  клик button «Ответить»
  рендер div (29 симв.)
  рендер div (44 симв.)
  рендер button (2 симв.)
  рендер button (9 симв.)
  рендер div#l-body (451 симв.)
  рендер div (81 симв.)
  рендер button (2 симв.)
  рендер div (63 симв.)
  рендер button (8 симв.)
  рендер button (52 симв.)
  ввод textarea «xyzzy qqq»
  клик button «Ответить»
  рендер div (9 симв.)
  рендер button (15 симв.)
  клик button «Исправить ответ»
  ввод textarea «xyzzy qqq»
  клик button «Ответить»
  рендер div (9 симв.)
  рендер div (114 симв.)
  рендер button (22 симв.)
  рендер div#l-body (451 симв.)
  рендер div (81 симв.)
  рендер button (2 симв.)
  рендер div (63 симв.)
  рендер button (8 симв.)
  рендер button (52 симв.)
  клик button «?Не знаю»
  рендер button (41 симв.)

# [1.161] words «Контроль: темы 33–36» · действий: 1
  рендер div (475 симв.)

# [1.162] build «Повтори фразы: темы 33–36» · действий: 5
  рендер div (322 симв.)
  рендер button (4 симв.)
  рендер button (5 симв.)
  рендер button (6 симв.)
  рендер button (2 симв.)

# [1.163] words «Рассказать о себе · 1» · действий: 1
  рендер div (470 симв.)

# [1.164] words «Рассказать о себе · 2» · действий: 1
  рендер div (476 симв.)

# [1.165] build «Собери: Рассказать о себе» · действий: 6
  рендер div (324 симв.)
  рендер button (6 симв.)
  рендер button (2 симв.)
  рендер button (3 симв.)
  рендер button (4 симв.)
  рендер button (1 симв.)

# [1.166] dialog «Собеседование» · действий: 45
  рендер div#l-body (446 симв.)
  рендер div (82 симв.)
  рендер button (2 симв.)
  рендер div (50 симв.)
  рендер button (8 симв.)
  рендер button (52 симв.)
  ввод textarea «I do not know»
  клик button «Ответить»
  рендер div (13 симв.)
  рендер div (238 симв.)
  рендер button (15 симв.)
  ввод textarea «I do not know»
  клик button «Ответить»
  рендер div (13 симв.)
  рендер div (238 симв.)
  рендер button (6 симв.)
  клик button «Дальше»
  клик button «Дальше»
  клик button «Дальше»
  клик button «Дальше»
  клик button «Дальше»
  клик button «Дальше»
  клик button «Дальше»
  клик button «Дальше»
  клик button «Дальше»
  клик button «Дальше»
  клик button «Дальше»
  клик button «Дальше»
  клик button «Дальше»
  клик button «Дальше»
  клик button «Дальше»
  клик button «Дальше»
  клик button «Дальше»
  клик button «Дальше»
  клик button «Дальше»
  клик button «Дальше»
  клик button «Дальше»
  клик button «Дальше»
  клик button «Дальше»
  клик button «Дальше»
  клик button «Дальше»
  клик button «Дальше»
  клик button «Дальше»
  клик button «Дальше»
  клик button «Дальше»

# [1.167] words «Понять и переспросить · 1» · действий: 1
  рендер div (482 симв.)

# [1.168] words «Понять и переспросить · 2» · действий: 1
  рендер div (477 симв.)

# [1.169] build «Собери: Понять и переспросить» · действий: 6
  рендер div (328 симв.)
  рендер button (5 симв.)
  рендер button (1 симв.)
  рендер button (2 симв.)
  рендер button (10 симв.)
  рендер button (3 симв.)

# [1.170] dialog:flow «Не расслышал» · действий: 120
  рендер div#l-body (483 симв.)
  рендер div (115 симв.)
  рендер button (2 симв.)
  рендер div (50 симв.)
  рендер button (8 симв.)
  рендер button (52 симв.)
  рендер div#l-body (483 симв.)
  рендер div (115 симв.)
  рендер button (2 симв.)
  рендер div (50 симв.)
  рендер button (8 симв.)
  рендер button (52 симв.)
  рендер div (50 симв.)
  рендер button (8 симв.)
  рендер button (52 симв.)
  ввод textarea «Sorry, could you repeat that more slowly»
  клик button «Ответить»
  рендер div (41 симв.)
  рендер div (115 симв.)
  рендер button (2 симв.)
  рендер button (6 симв.)
  рендер div#l-body (483 симв.)
  рендер div (115 симв.)
  рендер button (2 симв.)
  рендер div (50 симв.)
  рендер button (8 симв.)
  рендер button (52 симв.)
  рендер div (71 симв.)
  рендер button (8 симв.)
  рендер button (52 симв.)
  ввод textarea «The second left, right?»
  клик button «Ответить»
  рендер div (23 симв.)
  рендер div (43 симв.)
  рендер button (2 симв.)
  рендер button (6 симв.)
  рендер div#l-body (483 симв.)
  рендер div (115 симв.)
  рендер button (2 симв.)
  рендер div (50 симв.)
  рендер button (8 симв.)
  рендер button (52 симв.)
  рендер div (22 симв.)
  рендер button (8 симв.)
  рендер button (52 симв.)
  ввод textarea «Now I understand. Thank you.»
  клик button «Ответить»
  рендер div (28 симв.)
  рендер div (67 симв.)
  рендер button (2 симв.)
  рендер button (6 симв.)
  рендер div#l-body (483 симв.)
  рендер div (115 симв.)
  рендер button (2 симв.)
  рендер div (50 симв.)
  рендер button (8 симв.)
  рендер button (52 симв.)
  рендер div (85 симв.)
  рендер button (8 симв.)
  рендер button (52 симв.)
  ввод textarea «Is there a cafe near here?»
  клик button «Ответить»
  рендер div (26 симв.)
  рендер div (71 симв.)
  рендер button (2 симв.)
  рендер button (6 симв.)
  рендер div#l-body (483 симв.)
  рендер div (115 симв.)
  рендер button (2 симв.)
  рендер div (50 симв.)
  рендер button (8 симв.)
  рендер button (52 симв.)
  рендер div (49 симв.)
  рендер button (8 симв.)
  рендер button (52 симв.)
  ввод textarea «Left or right?»
  клик button «Ответить»
  рендер div (14 симв.)
  рендер div (82 симв.)
  рендер button (2 симв.)
  рендер button (6 симв.)
  рендер div#l-body (483 симв.)
  рендер div (115 симв.)
  рендер button (2 симв.)
  рендер div (50 симв.)
  рендер button (8 симв.)
  рендер button (52 симв.)
  рендер div (35 симв.)
  рендер button (8 симв.)
  рендер button (52 симв.)
  ввод textarea «Thank you, that is very helpful. Bye!»
  клик button «Ответить»
  рендер div (37 симв.)
  рендер div (58 симв.)
  рендер button (2 симв.)
  рендер button (9 симв.)
  рендер div#l-body (483 симв.)
  рендер div (115 симв.)
  рендер button (2 симв.)
  рендер div (50 симв.)
  рендер button (8 симв.)
  рендер button (52 симв.)
  ввод textarea «xyzzy qqq»
  клик button «Ответить»
  рендер div (9 симв.)
  рендер button (15 симв.)
  клик button «Исправить ответ»
  ввод textarea «xyzzy qqq»
  клик button «Ответить»
  рендер div (9 симв.)
  рендер div (114 симв.)
  рендер button (22 симв.)
  рендер div#l-body (483 симв.)
  рендер div (115 симв.)
  рендер button (2 симв.)
  рендер div (50 симв.)
  рендер button (8 симв.)
  рендер button (52 симв.)
  клик button «?Не знаю»
  рендер button (41 симв.)

# [1.171] words «Отпуск и путешествие · 1» · действий: 1
  рендер div (477 симв.)

# [1.172] words «Отпуск и путешествие · 2» · действий: 1
  рендер div (474 симв.)

# [1.173] build «Собери: Отпуск и путешествие» · действий: 8
  рендер div (338 симв.)
  рендер button (6 симв.)
  рендер button (3 симв.)
  рендер button (3 симв.)
  рендер button (4 симв.)
  рендер button (1 симв.)
  рендер button (6 симв.)
  рендер button (1 симв.)

# [1.174] dialog «Заселение в отель» · действий: 45
  рендер div#l-body (449 симв.)
  рендер div (86 симв.)
  рендер button (2 симв.)
  рендер div (37 симв.)
  рендер button (8 симв.)
  рендер button (52 симв.)
  ввод textarea «I do not know»
  клик button «Ответить»
  рендер div (13 симв.)
  рендер div (204 симв.)
  рендер button (15 симв.)
  ввод textarea «I do not know»
  клик button «Ответить»
  рендер div (13 симв.)
  рендер div (204 симв.)
  рендер button (6 симв.)
  клик button «Дальше»
  клик button «Дальше»
  клик button «Дальше»
  клик button «Дальше»
  клик button «Дальше»
  клик button «Дальше»
  клик button «Дальше»
  клик button «Дальше»
  клик button «Дальше»
  клик button «Дальше»
  клик button «Дальше»
  клик button «Дальше»
  клик button «Дальше»
  клик button «Дальше»
  клик button «Дальше»
  клик button «Дальше»
  клик button «Дальше»
  клик button «Дальше»
  клик button «Дальше»
  клик button «Дальше»
  клик button «Дальше»
  клик button «Дальше»
  клик button «Дальше»
  клик button «Дальше»
  клик button «Дальше»
  клик button «Дальше»
  клик button «Дальше»
  клик button «Дальше»
  клик button «Дальше»

# [1.175] words «Искусство и культура · 1» · действий: 1
  рендер div (476 симв.)

# [1.176] words «Искусство и культура · 2» · действий: 1
  рендер div (476 симв.)

# [1.177] build «Собери: Искусство и культура» · действий: 8
  рендер div (326 симв.)
  рендер button (2 симв.)
  рендер button (1 симв.)
  рендер button (3 симв.)
  рендер button (4 симв.)
  рендер button (6 симв.)
  рендер button (2 симв.)
  рендер button (2 симв.)

# [1.178] dialog «В музее» · действий: 45
  рендер div#l-body (439 симв.)
  рендер div (67 симв.)
  рендер button (2 симв.)
  рендер div (33 симв.)
  рендер button (8 симв.)
  рендер button (52 симв.)
  ввод textarea «I do not know»
  клик button «Ответить»
  рендер div (13 симв.)
  рендер div (180 симв.)
  рендер button (15 симв.)
  ввод textarea «I do not know»
  клик button «Ответить»
  рендер div (13 симв.)
  рендер div (180 симв.)
  рендер button (6 симв.)
  клик button «Дальше»
  клик button «Дальше»
  клик button «Дальше»
  клик button «Дальше»
  клик button «Дальше»
  клик button «Дальше»
  клик button «Дальше»
  клик button «Дальше»
  клик button «Дальше»
  клик button «Дальше»
  клик button «Дальше»
  клик button «Дальше»
  клик button «Дальше»
  клик button «Дальше»
  клик button «Дальше»
  клик button «Дальше»
  клик button «Дальше»
  клик button «Дальше»
  клик button «Дальше»
  клик button «Дальше»
  клик button «Дальше»
  клик button «Дальше»
  клик button «Дальше»
  клик button «Дальше»
  клик button «Дальше»
  клик button «Дальше»
  клик button «Дальше»
  клик button «Дальше»
  клик button «Дальше»

# [1.179] words «Контроль: темы 37–40» · действий: 1
  рендер div (476 симв.)

# [1.180] build «Повтори фразы: темы 37–40» · действий: 6
  рендер div (324 симв.)
  рендер button (1 симв.)
  рендер button (4 симв.)
  рендер button (2 симв.)
  рендер button (3 симв.)
  рендер button (6 симв.)

# [1.181] words «Планы на будущее · 1» · действий: 1
  рендер div (477 симв.)

# [1.182] words «Планы на будущее · 2» · действий: 1
  рендер div (477 симв.)

# [1.183] build «Собери: Планы на будущее» · действий: 7
  рендер div (332 симв.)
  рендер button (1 симв.)
  рендер button (4 симв.)
  рендер button (2 симв.)
  рендер button (4 симв.)
  рендер button (2 симв.)
  рендер button (3 симв.)

# [1.184] dialog «О планах» · действий: 45
  рендер div#l-body (446 симв.)
  рендер div (82 симв.)
  рендер button (2 симв.)
  рендер div (48 симв.)
  рендер button (8 симв.)
  рендер button (52 симв.)
  ввод textarea «I do not know»
  клик button «Ответить»
  рендер div (13 симв.)
  рендер div (220 симв.)
  рендер button (15 симв.)
  ввод textarea «I do not know»
  клик button «Ответить»
  рендер div (13 симв.)
  рендер div (220 симв.)
  рендер button (6 симв.)
  клик button «Дальше»
  клик button «Дальше»
  клик button «Дальше»
  клик button «Дальше»
  клик button «Дальше»
  клик button «Дальше»
  клик button «Дальше»
  клик button «Дальше»
  клик button «Дальше»
  клик button «Дальше»
  клик button «Дальше»
  клик button «Дальше»
  клик button «Дальше»
  клик button «Дальше»
  клик button «Дальше»
  клик button «Дальше»
  клик button «Дальше»
  клик button «Дальше»
  клик button «Дальше»
  клик button «Дальше»
  клик button «Дальше»
  клик button «Дальше»
  клик button «Дальше»
  клик button «Дальше»
  клик button «Дальше»
  клик button «Дальше»
  клик button «Дальше»
  клик button «Дальше»
  клик button «Дальше»

# [1.185] words «Сравнение и выбор · 1» · действий: 1
  рендер div (475 симв.)

# [1.186] words «Сравнение и выбор · 2» · действий: 1
  рендер div (478 симв.)

# [1.187] build «Собери: Сравнение и выбор» · действий: 8
  рендер div (325 симв.)
  рендер button (6 симв.)
  рендер button (4 симв.)
  рендер button (4 симв.)
  рендер button (3 симв.)
  рендер button (2 симв.)
  рендер button (4 симв.)
  рендер button (3 симв.)

# [1.188] dialog «Выбрать из двух» · действий: 45
  рендер div#l-body (448 симв.)
  рендер div (87 симв.)
  рендер button (2 симв.)
  рендер div (32 симв.)
  рендер button (8 симв.)
  рендер button (52 симв.)
  ввод textarea «I do not know»
  клик button «Ответить»
  рендер div (13 симв.)
  рендер div (211 симв.)
  рендер button (15 симв.)
  ввод textarea «I do not know»
  клик button «Ответить»
  рендер div (13 симв.)
  рендер div (211 симв.)
  рендер button (6 симв.)
  клик button «Дальше»
  клик button «Дальше»
  клик button «Дальше»
  клик button «Дальше»
  клик button «Дальше»
  клик button «Дальше»
  клик button «Дальше»
  клик button «Дальше»
  клик button «Дальше»
  клик button «Дальше»
  клик button «Дальше»
  клик button «Дальше»
  клик button «Дальше»
  клик button «Дальше»
  клик button «Дальше»
  клик button «Дальше»
  клик button «Дальше»
  клик button «Дальше»
  клик button «Дальше»
  клик button «Дальше»
  клик button «Дальше»
  клик button «Дальше»
  клик button «Дальше»
  клик button «Дальше»
  клик button «Дальше»
  клик button «Дальше»
  клик button «Дальше»
  клик button «Дальше»
  клик button «Дальше»

# [1.189] words «Тело: движение и состояние · 1» · действий: 1
  рендер div (476 симв.)

# [1.190] words «Тело: движение и состояние · 2» · действий: 1
  рендер div (473 симв.)

# [1.191] build «Собери: Тело: движение и состояние» · действий: 7
  рендер div (329 симв.)
  рендер button (6 симв.)
  рендер button (1 симв.)
  рендер button (2 симв.)
  рендер button (4 симв.)
  рендер button (5 симв.)
  рендер button (3 симв.)

# [1.192] words «Разговор ни о чём · 1» · действий: 1
  рендер div (470 симв.)

# [1.193] words «Разговор ни о чём · 2» · действий: 1
  рендер div (473 симв.)

# [1.194] build «Собери: Разговор ни о чём» · действий: 6
  рендер div (334 симв.)
  рендер button (3 симв.)
  рендер button (3 симв.)
  рендер button (3 симв.)
  рендер button (5 симв.)
  рендер button (6 симв.)

# [1.195] dialog «Встретил знакомого» · действий: 45
  рендер div#l-body (448 симв.)
  рендер div (85 симв.)
  рендер button (2 симв.)
  рендер div (42 симв.)
  рендер button (8 симв.)
  рендер button (52 симв.)
  ввод textarea «I do not know»
  клик button «Ответить»
  рендер div (13 симв.)
  рендер div (222 симв.)
  рендер button (15 симв.)
  ввод textarea «I do not know»
  клик button «Ответить»
  рендер div (13 симв.)
  рендер div (222 симв.)
  рендер button (6 симв.)
  клик button «Дальше»
  клик button «Дальше»
  клик button «Дальше»
  клик button «Дальше»
  клик button «Дальше»
  клик button «Дальше»
  клик button «Дальше»
  клик button «Дальше»
  клик button «Дальше»
  клик button «Дальше»
  клик button «Дальше»
  клик button «Дальше»
  клик button «Дальше»
  клик button «Дальше»
  клик button «Дальше»
  клик button «Дальше»
  клик button «Дальше»
  клик button «Дальше»
  клик button «Дальше»
  клик button «Дальше»
  клик button «Дальше»
  клик button «Дальше»
  клик button «Дальше»
  клик button «Дальше»
  клик button «Дальше»
  клик button «Дальше»
  клик button «Дальше»
  клик button «Дальше»
  клик button «Дальше»

# [1.196] words «Контроль: темы 41–44» · действий: 1
  рендер div (479 симв.)

# [1.197] build «Повтори фразы: темы 41–44» · действий: 7
  рендер div (332 симв.)
  рендер button (1 симв.)
  рендер button (4 симв.)
  рендер button (3 симв.)
  рендер button (4 симв.)
  рендер button (2 симв.)
  рендер button (2 симв.)

# [1.198] words «Место и положение · 1» · действий: 1
  рендер div (474 симв.)

# [1.199] words «Место и положение · 2» · действий: 1
  рендер div (478 симв.)

# [1.200] build «Собери: Место и положение» · действий: 7
  рендер div (320 симв.)
  рендер button (5 симв.)
  рендер button (3 симв.)
  рендер button (4 симв.)
  рендер button (2 симв.)
  рендер button (2 симв.)
  рендер button (3 симв.)

# [1.201] dialog «Найти вещь» · действий: 45
  рендер div#l-body (450 симв.)
  рендер div (59 симв.)
  рендер button (2 симв.)
  рендер div (33 симв.)
  рендер button (8 симв.)
  рендер button (52 симв.)
  ввод textarea «I do not know»
  клик button «Ответить»
  рендер div (13 симв.)
  рендер div (204 симв.)
  рендер button (15 симв.)
  ввод textarea «I do not know»
  клик button «Ответить»
  рендер div (13 симв.)
  рендер div (204 симв.)
  рендер button (6 симв.)
  клик button «Дальше»
  клик button «Дальше»
  клик button «Дальше»
  клик button «Дальше»
  клик button «Дальше»
  клик button «Дальше»
  клик button «Дальше»
  клик button «Дальше»
  клик button «Дальше»
  клик button «Дальше»
  клик button «Дальше»
  клик button «Дальше»
  клик button «Дальше»
  клик button «Дальше»
  клик button «Дальше»
  клик button «Дальше»
  клик button «Дальше»
  клик button «Дальше»
  клик button «Дальше»
  клик button «Дальше»
  клик button «Дальше»
  клик button «Дальше»
  клик button «Дальше»
  клик button «Дальше»
  клик button «Дальше»
  клик button «Дальше»
  клик button «Дальше»
  клик button «Дальше»
  клик button «Дальше»

# [1.202] words «Количество · 1» · действий: 1
  рендер div (470 симв.)

# [1.203] words «Количество · 2» · действий: 1
  рендер div (580 симв.)

# [1.204] build «Собери: Количество» · действий: 5
  рендер div (329 симв.)
  рендер button (6 симв.)
  рендер button (5 симв.)
  рендер button (4 симв.)
  рендер button (1 симв.)

# [1.205] dialog «Хватит ли» · действий: 45
  рендер div#l-body (444 симв.)
  рендер div (70 симв.)
  рендер button (2 симв.)
  рендер div (40 симв.)
  рендер button (8 симв.)
  рендер button (52 симв.)
  ввод textarea «I do not know»
  клик button «Ответить»
  рендер div (13 симв.)
  рендер div (211 симв.)
  рендер button (15 симв.)
  ввод textarea «I do not know»
  клик button «Ответить»
  рендер div (13 симв.)
  рендер div (211 симв.)
  рендер button (6 симв.)
  клик button «Дальше»
  клик button «Дальше»
  клик button «Дальше»
  клик button «Дальше»
  клик button «Дальше»
  клик button «Дальше»
  клик button «Дальше»
  клик button «Дальше»
  клик button «Дальше»
  клик button «Дальше»
  клик button «Дальше»
  клик button «Дальше»
  клик button «Дальше»
  клик button «Дальше»
  клик button «Дальше»
  клик button «Дальше»
  клик button «Дальше»
  клик button «Дальше»
  клик button «Дальше»
  клик button «Дальше»
  клик button «Дальше»
  клик button «Дальше»
  клик button «Дальше»
  клик button «Дальше»
  клик button «Дальше»
  клик button «Дальше»
  клик button «Дальше»
  клик button «Дальше»
  клик button «Дальше»

# [1.206] words «Модальность и вежливость · 1» · действий: 1
  рендер div (471 симв.)

# [1.207] words «Модальность и вежливость · 2» · действий: 1
  рендер div (475 симв.)

# [1.208] build «Собери: Модальность и вежливость» · действий: 6
  рендер div (331 симв.)
  рендер button (5 симв.)
  рендер button (3 симв.)
  рендер button (4 симв.)
  рендер button (6 симв.)
  рендер button (2 симв.)

# [1.209] dialog «Вежливая просьба» · действий: 45
  рендер div#l-body (441 симв.)
  рендер div (69 симв.)
  рендер button (2 симв.)
  рендер div (33 симв.)
  рендер button (8 симв.)
  рендер button (52 симв.)
  ввод textarea «I do not know»
  клик button «Ответить»
  рендер div (13 симв.)
  рендер div (240 симв.)
  рендер button (15 симв.)
  ввод textarea «I do not know»
  клик button «Ответить»
  рендер div (13 симв.)
  рендер div (240 симв.)
  рендер button (6 симв.)
  клик button «Дальше»
  клик button «Дальше»
  клик button «Дальше»
  клик button «Дальше»
  клик button «Дальше»
  клик button «Дальше»
  клик button «Дальше»
  клик button «Дальше»
  клик button «Дальше»
  клик button «Дальше»
  клик button «Дальше»
  клик button «Дальше»
  клик button «Дальше»
  клик button «Дальше»
  клик button «Дальше»
  клик button «Дальше»
  клик button «Дальше»
  клик button «Дальше»
  клик button «Дальше»
  клик button «Дальше»
  клик button «Дальше»
  клик button «Дальше»
  клик button «Дальше»
  клик button «Дальше»
  клик button «Дальше»
  клик button «Дальше»
  клик button «Дальше»
  клик button «Дальше»
  клик button «Дальше»

# [1.210] words «Разговор по телефону · 1» · действий: 1
  рендер div (475 симв.)

# [1.211] words «Разговор по телефону · 2» · действий: 1
  рендер div (476 симв.)

# [1.212] build «Собери: Разговор по телефону» · действий: 7
  рендер div (337 симв.)
  рендер button (5 симв.)
  рендер button (4 симв.)
  рендер button (1 симв.)
  рендер button (3 симв.)
  рендер button (2 симв.)
  рендер button (5 симв.)

# [1.213] dialog «Звонок в офис» · действий: 45
  рендер div#l-body (444 симв.)
  рендер div (82 симв.)
  рендер button (2 симв.)
  рендер div (32 симв.)
  рендер button (8 симв.)
  рендер button (52 симв.)
  ввод textarea «I do not know»
  клик button «Ответить»
  рендер div (13 симв.)
  рендер div (228 симв.)
  рендер button (15 симв.)
  ввод textarea «I do not know»
  клик button «Ответить»
  рендер div (13 симв.)
  рендер div (228 симв.)
  рендер button (6 симв.)
  клик button «Дальше»
  клик button «Дальше»
  клик button «Дальше»
  клик button «Дальше»
  клик button «Дальше»
  клик button «Дальше»
  клик button «Дальше»
  клик button «Дальше»
  клик button «Дальше»
  клик button «Дальше»
  клик button «Дальше»
  клик button «Дальше»
  клик button «Дальше»
  клик button «Дальше»
  клик button «Дальше»
  клик button «Дальше»
  клик button «Дальше»
  клик button «Дальше»
  клик button «Дальше»
  клик button «Дальше»
  клик button «Дальше»
  клик button «Дальше»
  клик button «Дальше»
  клик button «Дальше»
  клик button «Дальше»
  клик button «Дальше»
  клик button «Дальше»
  клик button «Дальше»
  клик button «Дальше»

# [1.214] words «Контроль: темы 45–48» · действий: 1
  рендер div (473 симв.)

# [1.215] build «Повтори фразы: темы 45–48» · действий: 7
  рендер div (320 симв.)
  рендер button (3 симв.)
  рендер button (2 симв.)
  рендер button (5 симв.)
  рендер button (2 симв.)
  рендер button (4 симв.)
  рендер button (3 симв.)

# [1.216] words «Правила и запреты · 1» · действий: 1
  рендер div (475 симв.)

# [1.217] words «Правила и запреты · 2» · действий: 1
  рендер div (570 симв.)

# [1.218] build «Собери: Правила и запреты» · действий: 5
  рендер div (325 симв.)
  рендер button (4 симв.)
  рендер button (6 симв.)
  рендер button (5 симв.)
  рендер button (3 симв.)

# [1.219] dialog «Замечание» · действий: 41
  рендер div#l-body (449 симв.)
  рендер div (87 симв.)
  рендер button (2 симв.)
  рендер div (39 симв.)
  рендер button (8 симв.)
  рендер button (52 симв.)
  ввод textarea «I do not know»
  клик button «Ответить»
  рендер div (13 симв.)
  рендер div (146 симв.)
  рендер button (6 симв.)
  клик button «Дальше»
  клик button «Дальше»
  клик button «Дальше»
  клик button «Дальше»
  клик button «Дальше»
  клик button «Дальше»
  клик button «Дальше»
  клик button «Дальше»
  клик button «Дальше»
  клик button «Дальше»
  клик button «Дальше»
  клик button «Дальше»
  клик button «Дальше»
  клик button «Дальше»
  клик button «Дальше»
  клик button «Дальше»
  клик button «Дальше»
  клик button «Дальше»
  клик button «Дальше»
  клик button «Дальше»
  клик button «Дальше»
  клик button «Дальше»
  клик button «Дальше»
  клик button «Дальше»
  клик button «Дальше»
  клик button «Дальше»
  клик button «Дальше»
  клик button «Дальше»
  клик button «Дальше»
  клик button «Дальше»

# [1.220] words «Итоги дня · 1» · действий: 1
  рендер div (471 симв.)

# [1.221] words «Итоги дня · 2» · действий: 1
  рендер div (481 симв.)

# [1.222] build «Собери: Итоги дня» · действий: 6
  рендер div (333 симв.)
  рендер button (3 симв.)
  рендер button (2 симв.)
  рендер button (1 симв.)
  рендер button (7 симв.)
  рендер button (6 симв.)

# [1.223] dialog «Вечером дома» · действий: 45
  рендер div#l-body (449 симв.)
  рендер div (57 симв.)
  рендер button (2 симв.)
  рендер div (45 симв.)
  рендер button (8 симв.)
  рендер button (52 симв.)
  ввод textarea «I do not know»
  клик button «Ответить»
  рендер div (13 симв.)
  рендер div (203 симв.)
  рендер button (15 симв.)
  ввод textarea «I do not know»
  клик button «Ответить»
  рендер div (13 симв.)
  рендер div (203 симв.)
  рендер button (6 симв.)
  клик button «Дальше»
  клик button «Дальше»
  клик button «Дальше»
  клик button «Дальше»
  клик button «Дальше»
  клик button «Дальше»
  клик button «Дальше»
  клик button «Дальше»
  клик button «Дальше»
  клик button «Дальше»
  клик button «Дальше»
  клик button «Дальше»
  клик button «Дальше»
  клик button «Дальше»
  клик button «Дальше»
  клик button «Дальше»
  клик button «Дальше»
  клик button «Дальше»
  клик button «Дальше»
  клик button «Дальше»
  клик button «Дальше»
  клик button «Дальше»
  клик button «Дальше»
  клик button «Дальше»
  клик button «Дальше»
  клик button «Дальше»
  клик button «Дальше»
  клик button «Дальше»
  клик button «Дальше»

# [1.224] words «Разговор: связки · 1» · действий: 1
  рендер div (468 симв.)

# [1.225] words «Разговор: связки · 2» · действий: 1
  рендер div (473 симв.)

# [1.226] build «Собери: Разговор: связки» · действий: 6
  рендер div (326 симв.)
  рендер button (2 симв.)
  рендер button (5 симв.)
  рендер button (1 симв.)
  рендер button (3 симв.)
  рендер button (5 симв.)

# [1.227] dialog «Объяснить причину» · действий: 45
  рендер div#l-body (452 симв.)
  рендер div (81 симв.)
  рендер button (2 симв.)
  рендер div (31 симв.)
  рендер button (8 симв.)
  рендер button (52 симв.)
  ввод textarea «I do not know»
  клик button «Ответить»
  рендер div (13 симв.)
  рендер div (246 симв.)
  рендер button (15 симв.)
  ввод textarea «I do not know»
  клик button «Ответить»
  рендер div (13 симв.)
  рендер div (246 симв.)
  рендер button (6 симв.)
  клик button «Дальше»
  клик button «Дальше»
  клик button «Дальше»
  клик button «Дальше»
  клик button «Дальше»
  клик button «Дальше»
  клик button «Дальше»
  клик button «Дальше»
  клик button «Дальше»
  клик button «Дальше»
  клик button «Дальше»
  клик button «Дальше»
  клик button «Дальше»
  клик button «Дальше»
  клик button «Дальше»
  клик button «Дальше»
  клик button «Дальше»
  клик button «Дальше»
  клик button «Дальше»
  клик button «Дальше»
  клик button «Дальше»
  клик button «Дальше»
  клик button «Дальше»
  клик button «Дальше»
  клик button «Дальше»
  клик button «Дальше»
  клик button «Дальше»
  клик button «Дальше»
  клик button «Дальше»

# [1.228] words «Вопросительные слова · 1» · действий: 1
  рендер div (471 симв.)

# [1.229] words «Вопросительные слова · 2» · действий: 1
  рендер div (477 симв.)

# [1.230] build «Собери: Вопросительные слова» · действий: 5
  рендер div (319 симв.)
  рендер button (5 симв.)
  рендер button (4 симв.)
  рендер button (3 симв.)
  рендер button (2 симв.)

# [1.231] dialog «Расспросить» · действий: 45
  рендер div#l-body (447 симв.)
  рендер div (91 симв.)
  рендер button (2 симв.)
  рендер div (28 симв.)
  рендер button (8 симв.)
  рендер button (52 симв.)
  ввод textarea «I do not know»
  клик button «Ответить»
  рендер div (13 симв.)
  рендер div (196 симв.)
  рендер button (15 симв.)
  ввод textarea «I do not know»
  клик button «Ответить»
  рендер div (13 симв.)
  рендер div (196 симв.)
  рендер button (6 симв.)
  клик button «Дальше»
  клик button «Дальше»
  клик button «Дальше»
  клик button «Дальше»
  клик button «Дальше»
  клик button «Дальше»
  клик button «Дальше»
  клик button «Дальше»
  клик button «Дальше»
  клик button «Дальше»
  клик button «Дальше»
  клик button «Дальше»
  клик button «Дальше»
  клик button «Дальше»
  клик button «Дальше»
  клик button «Дальше»
  клик button «Дальше»
  клик button «Дальше»
  клик button «Дальше»
  клик button «Дальше»
  клик button «Дальше»
  клик button «Дальше»
  клик button «Дальше»
  клик button «Дальше»
  клик button «Дальше»
  клик button «Дальше»
  клик button «Дальше»
  клик button «Дальше»
  клик button «Дальше»

# [1.232] words «Контроль: темы 49–52» · действий: 1
  рендер div (482 симв.)

# [1.233] build «Повтори фразы: темы 49–52» · действий: 5
  рендер div (325 симв.)
  рендер button (4 симв.)
  рендер button (5 симв.)
  рендер button (6 симв.)
  рендер button (3 симв.)

# [1.234] words «Местоимения и люди · 1» · действий: 1
  рендер div (468 симв.)

# [1.235] words «Местоимения и люди · 2» · действий: 1
  рендер div (483 симв.)

# [1.236] build «Собери: Местоимения и люди» · действий: 5
  рендер div (321 симв.)
  рендер button (3 симв.)
  рендер button (4 симв.)
  рендер button (10 симв.)
  рендер button (3 симв.)

# [1.237] dialog «Кто это сделал» · действий: 45
  рендер div#l-body (458 симв.)
  рендер div (64 симв.)
  рендер button (2 симв.)
  рендер div (44 симв.)
  рендер button (8 симв.)
  рендер button (52 симв.)
  ввод textarea «I do not know»
  клик button «Ответить»
  рендер div (13 симв.)
  рендер div (214 симв.)
  рендер button (15 симв.)
  ввод textarea «I do not know»
  клик button «Ответить»
  рендер div (13 симв.)
  рендер div (214 симв.)
  рендер button (6 симв.)
  клик button «Дальше»
  клик button «Дальше»
  клик button «Дальше»
  клик button «Дальше»
  клик button «Дальше»
  клик button «Дальше»
  клик button «Дальше»
  клик button «Дальше»
  клик button «Дальше»
  клик button «Дальше»
  клик button «Дальше»
  клик button «Дальше»
  клик button «Дальше»
  клик button «Дальше»
  клик button «Дальше»
  клик button «Дальше»
  клик button «Дальше»
  клик button «Дальше»
  клик button «Дальше»
  клик button «Дальше»
  клик button «Дальше»
  клик button «Дальше»
  клик button «Дальше»
  клик button «Дальше»
  клик button «Дальше»
  клик button «Дальше»
  клик button «Дальше»
  клик button «Дальше»
  клик button «Дальше»

# [1.238] words «Медиа и техника · 1» · действий: 1
  рендер div (477 симв.)

# [1.239] words «Медиа и техника · 2» · действий: 1
  рендер div (473 симв.)

# [1.240] build «Собери: Медиа и техника» · действий: 7
  рендер div (341 симв.)
  рендер button (4 симв.)
  рендер button (5 симв.)
  рендер button (9 симв.)
  рендер button (5 симв.)
  рендер button (1 симв.)
  рендер button (7 симв.)

# [1.241] dialog «Что посмотреть» · действий: 45
  рендер div#l-body (447 симв.)
  рендер div (72 симв.)
  рендер button (2 симв.)
  рендер div (25 симв.)
  рендер button (8 симв.)
  рендер button (52 симв.)
  ввод textarea «I do not know»
  клик button «Ответить»
  рендер div (13 симв.)
  рендер div (199 симв.)
  рендер button (15 симв.)
  ввод textarea «I do not know»
  клик button «Ответить»
  рендер div (13 симв.)
  рендер div (199 симв.)
  рендер button (6 симв.)
  клик button «Дальше»
  клик button «Дальше»
  клик button «Дальше»
  клик button «Дальше»
  клик button «Дальше»
  клик button «Дальше»
  клик button «Дальше»
  клик button «Дальше»
  клик button «Дальше»
  клик button «Дальше»
  клик button «Дальше»
  клик button «Дальше»
  клик button «Дальше»
  клик button «Дальше»
  клик button «Дальше»
  клик button «Дальше»
  клик button «Дальше»
  клик button «Дальше»
  клик button «Дальше»
  клик button «Дальше»
  клик button «Дальше»
  клик button «Дальше»
  клик button «Дальше»
  клик button «Дальше»
  клик button «Дальше»
  клик button «Дальше»
  клик button «Дальше»
  клик button «Дальше»
  клик button «Дальше»

# [1.242] words «Быт: мелочи · 1» · действий: 1
  рендер div (473 симв.)

# [1.243] words «Быт: мелочи · 2» · действий: 1
  рендер div (569 симв.)

# [1.244] build «Собери: Быт: мелочи» · действий: 8
  рендер div (330 симв.)
  рендер button (1 симв.)
  рендер button (4 симв.)
  рендер button (6 симв.)
  рендер button (3 симв.)
  рендер button (2 симв.)
  рендер button (1 симв.)
  рендер button (3 симв.)

# [1.245] dialog «Просьба по мелочи» · действий: 45
  рендер div#l-body (440 симв.)
  рендер div (64 симв.)
  рендер button (2 симв.)
  рендер div (31 симв.)
  рендер button (8 симв.)
  рендер button (52 симв.)
  ввод textarea «I do not know»
  клик button «Ответить»
  рендер div (13 симв.)
  рендер div (219 симв.)
  рендер button (15 симв.)
  ввод textarea «I do not know»
  клик button «Ответить»
  рендер div (13 симв.)
  рендер div (219 симв.)
  рендер button (6 симв.)
  клик button «Дальше»
  клик button «Дальше»
  клик button «Дальше»
  клик button «Дальше»
  клик button «Дальше»
  клик button «Дальше»
  клик button «Дальше»
  клик button «Дальше»
  клик button «Дальше»
  клик button «Дальше»
  клик button «Дальше»
  клик button «Дальше»
  клик button «Дальше»
  клик button «Дальше»
  клик button «Дальше»
  клик button «Дальше»
  клик button «Дальше»
  клик button «Дальше»
  клик button «Дальше»
  клик button «Дальше»
  клик button «Дальше»
  клик button «Дальше»
  клик button «Дальше»
  клик button «Дальше»
  клик button «Дальше»
  клик button «Дальше»
  клик button «Дальше»
  клик button «Дальше»
  клик button «Дальше»

# [1.246] words «Оценка и качество · 1» · действий: 1
  рендер div (556 симв.)

# [1.247] words «Оценка и качество · 2» · действий: 1
  рендер div (477 симв.)

# [1.248] build «Собери: Оценка и качество» · действий: 7
  рендер div (330 симв.)
  рендер button (2 симв.)
  рендер button (4 симв.)
  рендер button (4 симв.)
  рендер button (2 симв.)
  рендер button (1 симв.)
  рендер button (6 симв.)

# [1.249] dialog «Спросить совет» · действий: 45
  рендер div#l-body (453 симв.)
  рендер div (63 симв.)
  рендер button (2 симв.)
  рендер div (35 симв.)
  рендер button (8 симв.)
  рендер button (52 симв.)
  ввод textarea «I do not know»
  клик button «Ответить»
  рендер div (13 симв.)
  рендер div (222 симв.)
  рендер button (15 симв.)
  ввод textarea «I do not know»
  клик button «Ответить»
  рендер div (13 симв.)
  рендер div (222 симв.)
  рендер button (6 симв.)
  клик button «Дальше»
  клик button «Дальше»
  клик button «Дальше»
  клик button «Дальше»
  клик button «Дальше»
  клик button «Дальше»
  клик button «Дальше»
  клик button «Дальше»
  клик button «Дальше»
  клик button «Дальше»
  клик button «Дальше»
  клик button «Дальше»
  клик button «Дальше»
  клик button «Дальше»
  клик button «Дальше»
  клик button «Дальше»
  клик button «Дальше»
  клик button «Дальше»
  клик button «Дальше»
  клик button «Дальше»
  клик button «Дальше»
  клик button «Дальше»
  клик button «Дальше»
  клик button «Дальше»
  клик button «Дальше»
  клик button «Дальше»
  клик button «Дальше»
  клик button «Дальше»
  клик button «Дальше»

# [1.250] words «Контроль: темы 53–56» · действий: 1
  рендер div (476 симв.)

# [1.251] build «Повтори фразы: темы 53–56» · действий: 5
  рендер div (321 симв.)
  рендер button (4 симв.)
  рендер button (10 симв.)
  рендер button (3 симв.)
  рендер button (3 симв.)

# [1.252] words «Прошлое · 1» · действий: 1
  рендер div (478 симв.)

# [1.253] words «Прошлое · 2» · действий: 1
  рендер div (479 симв.)

# [1.254] build «Собери: Прошлое» · действий: 7
  рендер div (332 симв.)
  рендер button (1 симв.)
  рендер button (3 симв.)
  рендер button (5 симв.)
  рендер button (3 симв.)
  рендер button (3 симв.)
  рендер button (4 симв.)

# [1.255] dialog «Вспомнить прошлое» · действий: 45
  рендер div#l-body (446 симв.)
  рендер div (84 симв.)
  рендер button (2 симв.)
  рендер div (46 симв.)
  рендер button (8 симв.)
  рендер button (52 симв.)
  ввод textarea «I do not know»
  клик button «Ответить»
  рендер div (13 симв.)
  рендер div (208 симв.)
  рендер button (15 симв.)
  ввод textarea «I do not know»
  клик button «Ответить»
  рендер div (13 симв.)
  рендер div (208 симв.)
  рендер button (6 симв.)
  клик button «Дальше»
  клик button «Дальше»
  клик button «Дальше»
  клик button «Дальше»
  клик button «Дальше»
  клик button «Дальше»
  клик button «Дальше»
  клик button «Дальше»
  клик button «Дальше»
  клик button «Дальше»
  клик button «Дальше»
  клик button «Дальше»
  клик button «Дальше»
  клик button «Дальше»
  клик button «Дальше»
  клик button «Дальше»
  клик button «Дальше»
  клик button «Дальше»
  клик button «Дальше»
  клик button «Дальше»
  клик button «Дальше»
  клик button «Дальше»
  клик button «Дальше»
  клик button «Дальше»
  клик button «Дальше»
  клик button «Дальше»
  клик button «Дальше»
  клик button «Дальше»
  клик button «Дальше»

# [1.256] words «Дела и задачи · 1» · действий: 1
  рендер div (478 симв.)

# [1.257] words «Дела и задачи · 2» · действий: 1
  рендер div (478 симв.)

# [1.258] build «Собери: Дела и задачи» · действий: 7
  рендер div (331 симв.)
  рендер button (1 симв.)
  рендер button (4 симв.)
  рендер button (2 симв.)
  рендер button (3 симв.)
  рендер button (6 симв.)
  рендер button (6 симв.)

# [1.259] dialog «Отчитаться о задаче» · действий: 45
  рендер div#l-body (447 симв.)
  рендер div (71 симв.)
  рендер button (2 симв.)
  рендер div (36 симв.)
  рендер button (8 симв.)
  рендер button (52 симв.)
  ввод textarea «I do not know»
  клик button «Ответить»
  рендер div (13 симв.)
  рендер div (208 симв.)
  рендер button (15 симв.)
  ввод textarea «I do not know»
  клик button «Ответить»
  рендер div (13 симв.)
  рендер div (208 симв.)
  рендер button (6 симв.)
  клик button «Дальше»
  клик button «Дальше»
  клик button «Дальше»
  клик button «Дальше»
  клик button «Дальше»
  клик button «Дальше»
  клик button «Дальше»
  клик button «Дальше»
  клик button «Дальше»
  клик button «Дальше»
  клик button «Дальше»
  клик button «Дальше»
  клик button «Дальше»
  клик button «Дальше»
  клик button «Дальше»
  клик button «Дальше»
  клик button «Дальше»
  клик button «Дальше»
  клик button «Дальше»
  клик button «Дальше»
  клик button «Дальше»
  клик button «Дальше»
  клик button «Дальше»
  клик button «Дальше»
  клик button «Дальше»
  клик button «Дальше»
  клик button «Дальше»
  клик button «Дальше»
  клик button «Дальше»

# [1.260] words «Мелкие слова · 1» · действий: 1
  рендер div (471 симв.)

# [1.261] words «Мелкие слова · 2» · действий: 1
  рендер div (473 симв.)

# [1.262] build «Собери: Мелкие слова» · действий: 6
  рендер div (321 симв.)
  рендер button (4 симв.)
  рендер button (2 симв.)
  рендер button (1 симв.)
  рендер button (4 симв.)
  рендер button (3 симв.)

# [1.263] dialog «Мягко отказать» · действий: 45
  рендер div#l-body (451 симв.)
  рендер div (56 симв.)
  рендер button (2 симв.)
  рендер div (36 симв.)
  рендер button (8 симв.)
  рендер button (52 симв.)
  ввод textarea «I do not know»
  клик button «Ответить»
  рендер div (13 симв.)
  рендер div (226 симв.)
  рендер button (15 симв.)
  ввод textarea «I do not know»
  клик button «Ответить»
  рендер div (13 симв.)
  рендер div (226 симв.)
  рендер button (6 симв.)
  клик button «Дальше»
  клик button «Дальше»
  клик button «Дальше»
  клик button «Дальше»
  клик button «Дальше»
  клик button «Дальше»
  клик button «Дальше»
  клик button «Дальше»
  клик button «Дальше»
  клик button «Дальше»
  клик button «Дальше»
  клик button «Дальше»
  клик button «Дальше»
  клик button «Дальше»
  клик button «Дальше»
  клик button «Дальше»
  клик button «Дальше»
  клик button «Дальше»
  клик button «Дальше»
  клик button «Дальше»
  клик button «Дальше»
  клик button «Дальше»
  клик button «Дальше»
  клик button «Дальше»
  клик button «Дальше»
  клик button «Дальше»
  клик button «Дальше»
  клик button «Дальше»
  клик button «Дальше»

# [1.264] words «Проверка A1 · 1» · действий: 1
  рендер div (475 симв.)

# [1.265] words «Проверка A1 · 2» · действий: 1
  рендер div (477 симв.)

# [1.266] build «Собери: Проверка A1» · действий: 6
  рендер div (322 симв.)
  рендер button (5 симв.)
  рендер button (6 симв.)
  рендер button (3 симв.)
  рендер button (3 симв.)
  рендер button (3 симв.)

# [1.267] dialog «Последняя проверка» · действий: 45
  рендер div#l-body (466 симв.)
  рендер div (101 симв.)
  рендер button (2 симв.)
  рендер div (46 симв.)
  рендер button (8 симв.)
  рендер button (52 симв.)
  ввод textarea «I do not know»
  клик button «Ответить»
  рендер div (13 симв.)
  рендер div (223 симв.)
  рендер button (15 симв.)
  ввод textarea «I do not know»
  клик button «Ответить»
  рендер div (13 симв.)
  рендер div (223 симв.)
  рендер button (6 симв.)
  клик button «Дальше»
  клик button «Дальше»
  клик button «Дальше»
  клик button «Дальше»
  клик button «Дальше»
  клик button «Дальше»
  клик button «Дальше»
  клик button «Дальше»
  клик button «Дальше»
  клик button «Дальше»
  клик button «Дальше»
  клик button «Дальше»
  клик button «Дальше»
  клик button «Дальше»
  клик button «Дальше»
  клик button «Дальше»
  клик button «Дальше»
  клик button «Дальше»
  клик button «Дальше»
  клик button «Дальше»
  клик button «Дальше»
  клик button «Дальше»
  клик button «Дальше»
  клик button «Дальше»
  клик button «Дальше»
  клик button «Дальше»
  клик button «Дальше»
  клик button «Дальше»
  клик button «Дальше»

# [1.268] words «Контроль: темы 57–60» · действий: 1
  рендер div (472 симв.)

# [1.269] build «Повтори фразы: темы 57–60» · действий: 7
  рендер div (332 симв.)
  рендер button (3 симв.)
  рендер button (5 симв.)
  рендер button (3 симв.)
  рендер button (4 симв.)
  рендер button (3 симв.)
  рендер button (1 симв.)

# [2.1] words «Город и дорога» · действий: 1
  рендер div (491 симв.)

# [2.2] build «Спроси дорогу» · действий: 10
  рендер div (344 симв.)
  рендер button (2 симв.)
  рендер button (6 симв.)
  рендер button (3 симв.)
  рендер button (3 симв.)
  рендер button (8 симв.)
  рендер button (3 симв.)
  рендер button (2 симв.)
  рендер button (1 симв.)
  рендер button (3 симв.)

# [2.3] dialog «Прохожий под дождём» · действий: 45
  рендер div#l-body (483 симв.)
  рендер div (96 симв.)
  рендер button (2 симв.)
  рендер div (46 симв.)
  рендер button (8 симв.)
  рендер button (52 симв.)
  ввод textarea «I do not know»
  клик button «Ответить»
  рендер div (13 симв.)
  рендер div (229 симв.)
  рендер button (15 симв.)
  ввод textarea «I do not know»
  клик button «Ответить»
  рендер div (13 симв.)
  рендер div (229 симв.)
  рендер button (6 симв.)
  клик button «Дальше»
  клик button «Дальше»
  клик button «Дальше»
  клик button «Дальше»
  клик button «Дальше»
  клик button «Дальше»
  клик button «Дальше»
  клик button «Дальше»
  клик button «Дальше»
  клик button «Дальше»
  клик button «Дальше»
  клик button «Дальше»
  клик button «Дальше»
  клик button «Дальше»
  клик button «Дальше»
  клик button «Дальше»
  клик button «Дальше»
  клик button «Дальше»
  клик button «Дальше»
  клик button «Дальше»
  клик button «Дальше»
  клик button «Дальше»
  клик button «Дальше»
  клик button «Дальше»
  клик button «Дальше»
  клик button «Дальше»
  клик button «Дальше»
  клик button «Дальше»
  клик button «Дальше»

# [2.4] words «Продукты и цены» · действий: 1
  рендер div (502 симв.)

# [2.5] build «На рынке» · действий: 7
  рендер div (328 симв.)
  рендер button (4 симв.)
  рендер button (3 симв.)
  рендер button (3 симв.)
  рендер button (6 симв.)
  рендер button (2 симв.)
  рендер button (5 симв.)

# [2.6] dialog «Прилавок» · действий: 45
  рендер div#l-body (474 симв.)
  рендер div (79 симв.)
  рендер button (2 симв.)
  рендер div (35 симв.)
  рендер button (8 симв.)
  рендер button (52 симв.)
  ввод textarea «I do not know»
  клик button «Ответить»
  рендер div (13 симв.)
  рендер div (226 симв.)
  рендер button (15 симв.)
  ввод textarea «I do not know»
  клик button «Ответить»
  рендер div (13 симв.)
  рендер div (226 симв.)
  рендер button (6 симв.)
  клик button «Дальше»
  клик button «Дальше»
  клик button «Дальше»
  клик button «Дальше»
  клик button «Дальше»
  клик button «Дальше»
  клик button «Дальше»
  клик button «Дальше»
  клик button «Дальше»
  клик button «Дальше»
  клик button «Дальше»
  клик button «Дальше»
  клик button «Дальше»
  клик button «Дальше»
  клик button «Дальше»
  клик button «Дальше»
  клик button «Дальше»
  клик button «Дальше»
  клик button «Дальше»
  клик button «Дальше»
  клик button «Дальше»
  клик button «Дальше»
  клик button «Дальше»
  клик button «Дальше»
  клик button «Дальше»
  клик button «Дальше»
  клик button «Дальше»
  клик button «Дальше»
  клик button «Дальше»

# [3.1] words «Аренда и жильё» · действий: 1
  рендер div (493 симв.)

# [3.2] build «Вопросы к договору» · действий: 8
  рендер div (339 симв.)
  рендер button (3 симв.)
  рендер button (3 симв.)
  рендер button (5 симв.)
  рендер button (8 симв.)
  рендер button (2 симв.)
  рендер button (3 симв.)
  рендер button (5 симв.)

# [3.3] dialog «Просмотр квартиры» · действий: 45
  рендер div#l-body (486 симв.)
  рендер div (93 симв.)
  рендер button (2 симв.)
  рендер div (34 симв.)
  рендер button (8 симв.)
  рендер button (52 симв.)
  ввод textarea «I do not know»
  клик button «Ответить»
  рендер div (13 симв.)
  рендер div (227 симв.)
  рендер button (15 симв.)
  ввод textarea «I do not know»
  клик button «Ответить»
  рендер div (13 симв.)
  рендер div (227 симв.)
  рендер button (6 симв.)
  клик button «Дальше»
  клик button «Дальше»
  клик button «Дальше»
  клик button «Дальше»
  клик button «Дальше»
  клик button «Дальше»
  клик button «Дальше»
  клик button «Дальше»
  клик button «Дальше»
  клик button «Дальше»
  клик button «Дальше»
  клик button «Дальше»
  клик button «Дальше»
  клик button «Дальше»
  клик button «Дальше»
  клик button «Дальше»
  клик button «Дальше»
  клик button «Дальше»
  клик button «Дальше»
  клик button «Дальше»
  клик button «Дальше»
  клик button «Дальше»
  клик button «Дальше»
  клик button «Дальше»
  клик button «Дальше»
  клик button «Дальше»
  клик button «Дальше»
  клик button «Дальше»
  клик button «Дальше»

# [3.4] words «Банк и документы» · действий: 1
  рендер div (490 симв.)

# [3.5] build «В отделении» · действий: 7
  рендер div (329 симв.)
  рендер button (3 симв.)
  рендер button (4 симв.)
  рендер button (8 симв.)
  рендер button (2 симв.)
  рендер button (4 симв.)
  рендер button (2 симв.)

# [3.6] dialog «Открыть счёт» · действий: 45
  рендер div#l-body (471 симв.)
  рендер div (65 симв.)
  рендер button (2 симв.)
  рендер div (30 симв.)
  рендер button (8 симв.)
  рендер button (52 симв.)
  ввод textarea «I do not know»
  клик button «Ответить»
  рендер div (13 симв.)
  рендер div (223 симв.)
  рендер button (15 симв.)
  ввод textarea «I do not know»
  клик button «Ответить»
  рендер div (13 симв.)
  рендер div (223 симв.)
  рендер button (6 симв.)
  клик button «Дальше»
  клик button «Дальше»
  клик button «Дальше»
  клик button «Дальше»
  клик button «Дальше»
  клик button «Дальше»
  клик button «Дальше»
  клик button «Дальше»
  клик button «Дальше»
  клик button «Дальше»
  клик button «Дальше»
  клик button «Дальше»
  клик button «Дальше»
  клик button «Дальше»
  клик button «Дальше»
  клик button «Дальше»
  клик button «Дальше»
  клик button «Дальше»
  клик button «Дальше»
  клик button «Дальше»
  клик button «Дальше»
  клик button «Дальше»
  клик button «Дальше»
  клик button «Дальше»
  клик button «Дальше»
  клик button «Дальше»
  клик button «Дальше»
  клик button «Дальше»
  клик button «Дальше»

# [4.1] words «Работа и найм» · действий: 1
  рендер div (490 симв.)

# [4.2] build «Формулируй позицию» · действий: 9
  рендер div (343 симв.)
  рендер button (1 симв.)
  рендер button (3 симв.)
  рендер button (4 симв.)
  рендер button (4 симв.)
  рендер button (2 симв.)
  рендер button (3 симв.)
  рендер button (1 симв.)
  рендер button (11 симв.)

# [4.3] dialog «Собеседование» · действий: 45
  рендер div#l-body (483 симв.)
  рендер div (119 симв.)
  рендер button (2 симв.)
  рендер div (51 симв.)
  рендер button (8 симв.)
  рендер button (52 симв.)
  ввод textarea «I do not know»
  клик button «Ответить»
  рендер div (13 симв.)
  рендер div (263 симв.)
  рендер button (15 симв.)
  ввод textarea «I do not know»
  клик button «Ответить»
  рендер div (13 симв.)
  рендер div (263 симв.)
  рендер button (6 симв.)
  клик button «Дальше»
  клик button «Дальше»
  клик button «Дальше»
  клик button «Дальше»
  клик button «Дальше»
  клик button «Дальше»
  клик button «Дальше»
  клик button «Дальше»
  клик button «Дальше»
  клик button «Дальше»
  клик button «Дальше»
  клик button «Дальше»
  клик button «Дальше»
  клик button «Дальше»
  клик button «Дальше»
  клик button «Дальше»
  клик button «Дальше»
  клик button «Дальше»
  клик button «Дальше»
  клик button «Дальше»
  клик button «Дальше»
  клик button «Дальше»
  клик button «Дальше»
  клик button «Дальше»
  клик button «Дальше»
  клик button «Дальше»
  клик button «Дальше»
  клик button «Дальше»
  клик button «Дальше»

# [4.4] words «У врача» · действий: 1
  рендер div (479 симв.)

# [4.5] build «Объясни, что болит» · действий: 11
  рендер div (342 симв.)
  рендер button (5 симв.)
  рендер button (6 симв.)
  рендер button (2 симв.)
  рендер button (4 симв.)
  рендер button (9 симв.)
  рендер button (3 симв.)
  рендер button (5 симв.)
  рендер button (4 симв.)
  рендер button (3 симв.)
  рендер button (7 симв.)

# [4.6] dialog «Приём» · действий: 45
  рендер div#l-body (475 симв.)
  рендер div (65 симв.)
  рендер button (2 симв.)
  рендер div (31 симв.)
  рендер button (8 симв.)
  рендер button (52 симв.)
  ввод textarea «I do not know»
  клик button «Ответить»
  рендер div (13 симв.)
  рендер div (236 симв.)
  рендер button (15 симв.)
  ввод textarea «I do not know»
  клик button «Ответить»
  рендер div (13 симв.)
  рендер div (236 симв.)
  рендер button (6 симв.)
  клик button «Дальше»
  клик button «Дальше»
  клик button «Дальше»
  клик button «Дальше»
  клик button «Дальше»
  клик button «Дальше»
  клик button «Дальше»
  клик button «Дальше»
  клик button «Дальше»
  клик button «Дальше»
  клик button «Дальше»
  клик button «Дальше»
  клик button «Дальше»
  клик button «Дальше»
  клик button «Дальше»
  клик button «Дальше»
  клик button «Дальше»
  клик button «Дальше»
  клик button «Дальше»
  клик button «Дальше»
  клик button «Дальше»
  клик button «Дальше»
  клик button «Дальше»
  клик button «Дальше»
  клик button «Дальше»
  клик button «Дальше»
  клик button «Дальше»
  клик button «Дальше»
  клик button «Дальше»

# [5.1] words «Оттенки и тон» · действий: 1
  рендер div (494 симв.)

# [5.2] build «Смягчай и уточняй» · действий: 10
  рендер div (357 симв.)
  рендер button (1 симв.)
  рендер button (6 симв.)
  рендер button (10 симв.)
  рендер button (4 симв.)
  рендер button (4 симв.)
  рендер button (3 симв.)
  рендер button (4 симв.)
  рендер button (4 симв.)
  рендер button (3 симв.)

# [5.3] dialog «Несогласие без ссоры» · действий: 45
  рендер div#l-body (491 симв.)
  рендер div (123 симв.)
  рендер button (2 симв.)
  рендер div (40 симв.)
  рендер button (8 симв.)
  рендер button (52 симв.)
  ввод textarea «I do not know»
  клик button «Ответить»
  рендер div (13 симв.)
  рендер div (239 симв.)
  рендер button (15 симв.)
  ввод textarea «I do not know»
  клик button «Ответить»
  рендер div (13 симв.)
  рендер div (239 симв.)
  рендер button (6 симв.)
  клик button «Дальше»
  клик button «Дальше»
  клик button «Дальше»
  клик button «Дальше»
  клик button «Дальше»
  клик button «Дальше»
  клик button «Дальше»
  клик button «Дальше»
  клик button «Дальше»
  клик button «Дальше»
  клик button «Дальше»
  клик button «Дальше»
  клик button «Дальше»
  клик button «Дальше»
  клик button «Дальше»
  клик button «Дальше»
  клик button «Дальше»
  клик button «Дальше»
  клик button «Дальше»
  клик button «Дальше»
  клик button «Дальше»
  клик button «Дальше»
  клик button «Дальше»
  клик button «Дальше»
  клик button «Дальше»
  клик button «Дальше»
  клик button «Дальше»
  клик button «Дальше»
  клик button «Дальше»
